Time,input_1_1,input_2_1,output
0,11,11,75.53389967
0.1,11.94077037,11.6589425,79.64313205
0.2,13.48568169,12.37665825,87.30050777
0.3,15.53738555,13.14800102,97.58737648
0.4,17.841806,13.96561577,108.7312379
0.5,19.90649686,14.81957701,117.7666985
0.6,20.97955076,15.69705783,120.5959213
0.7,20.183649,16.58205692,112.8823517
0.8,16.89410688,17.45521673,92.09120999
0.9,11.33954089,18.29377105,60.37948662
1,5.14759246,19.07166423,26.8445065
1.1,1.249195209,19.7598866,6.40005418
1.2,2.532566993,20.32707018,12.7929032
1.3,9.38323839,20.74038432,46.92344775
1.4,17.80045517,20.96676173,88.53418469
1.5,20.88769427,20.97447018,103.8701041
1.6,14.75590273,20.73502327,73.80046269
1.7,4.45525708,20.22539437,22.56159684
1.8,1.458473958,19.43046174,7.535337053
1.9,10.57255951,18.34557042,56.2160197
2,20.47098305,16.97904983,113.1429692
2.1,16.20917266,15.35447933,94.20823465
2.2,3.392676823,13.51245049,21.01943309
2.3,3.812399807,11.51154208,25.59041039
2.4,17.71244646,9.4282088,131.374029
2.5,18.20853597,7.355295001,152.9045979
2.6,3.431965698,5.398929686,33.63834863
2.7,5.713809056,3.673644376,67.89264544
2.8,20.4315771,2.295686835,307.1080027
2.9,11.57804481,1.37468054,224.8950508
3,1.405875281,1.003996923,31.954069
3.1,17.3836756,1.250451308,354.041181
3.2,14.97839748,2.144182247,232.9593082
3.3,1.075387433,3.669796726,12.78466984
3.4,17.5762773,5.760022017,166.7863055
3.5,12.94319955,8.293155444,102.3593003
3.6,2.345616224,11.09550296,16.03721769
3.7,20.65635213,13.94971026,125.9553442
3.8,5.495076033,16.60939567,30.70735112
3.9,10.20883221,18.81979766,53.59375115
4,17.27691361,20.34328942,87.23708339
4.1,1.625611453,20.9876677,8.081281318
4.2,20.93016665,20.63421203,104.9359519
4.3,2.368528738,19.26178936,12.29067991
4.4,17.38971909,16.9629213,96.15852823
4.5,7.035730346,13.94790913,42.9042383
4.6,12.8380038,10.53395652,90.08392572
4.7,10.7515256,7.117798047,91.77889549
4.8,10.27680893,4.132574931,115.1313184
4.9,12.06642391,1.992395934,194.6867161
5,10.21540904,1.030826663,229.1440075
5.1,10.87465374,1.441977481,206.2442088
5.2,12.65612196,3.234343085,160.2703453
5.3,7.263030381,6.207535199,66.39017752
5.4,17.14990087,9.960131119,123.75839
5.5,2.560931722,13.93289557,15.62510244
5.6,20.87010951,17.48587634,113.6649568
5.7,1.465553012,20.00104449,7.463125745
5.8,17.69846258,20.99541446,87.96681752
5.9,9.596897408,20.22442419,48.60023104
6,6.072726585,17.75332808,32.82384122
6.1,20.43813642,13.97671474,124.5042875
6.2,1.972705007,9.573572464,14.52013643
6.3,13.7805575,5.39710803,135.0926735
6.4,16.85342645,2.313062312,252.3713834
6.5,1.002963819,1.014680527,22.67598537
6.6,15.91524016,1.853166395,266.2573178
6.7,16.49311619,4.725776934,172.7872426
6.8,1.142283876,9.057108622,8.644200326
6.9,12.8000069,13.89202218,78.21193565
7,19.92428378,18.0932473,106.6768108
7.1,4.615840774,20.60809157,23.15674408
7.2,4.430351991,20.74414019,22.15318006
7.3,19.15048927,18.38128081,101.7273084
7.4,16.49652846,14.05309747,100.2194686
7.5,2.795985565,8.856908469,21.39633609
7.6,4.571696073,4.194939531,50.83467634
7.7,17.59637076,1.39960891,338.7390922
7.8,19.75032312,1.339333789,388.6649317
7.9,8.744741832,4.122305479,98.0894888
8,1.063886895,9.002900195,8.075135266
8.1,6.06206861,14.54620704,36.1985796
8.2,16.54890892,19.02992263,86.39655366
8.3,20.98239621,20.98048368,104.3260826
8.4,16.07526332,19.67945812,82.52719653
8.5,7.25312496,15.46275909,42.00753805
8.6,1.549780102,9.683110706,11.34248456
8.7,2.02928189,4.309238708,22.26320412
8.8,7.244097271,1.264976729,146.6859675
8.9,13.76606936,1.723083347,238.8374224
9,18.72511964,5.615233192,179.964261
9.1,20.89030821,11.57114473,139.8628099
9.2,20.46451096,17.35873494,111.8633702
9.3,18.3647265,20.70514047,91.9159624
9.4,15.58575108,20.20673892,78.96328099
9.5,12.8660977,15.96140737,73.34268729
9.6,10.61807524,9.627075869,77.93708637
9.7,9.0001298,3.820704956,104.8630744
9.8,8.02838429,1.050616027,178.3822782
9.9,7.671508307,2.60742465,108.1983009
10,7.909830056,7.909830056,64.05147582
10.1,8.756986235,14.65172516,52.10217459
10.2,10.24547888,19.76246134,52.48767195
10.3,12.37510239,20.8053318,61.78841321
10.4,15.02446334,17.18254767,82.54689735
10.5,17.83974364,10.5367809,125.1642205
10.6,20.14784911,4.07161788,227.4001505
10.7,20.98813118,1.032046258,470.5109692
10.8,19.38624937,3.047888907,252.8947379
10.9,14.93714102,9.193812896,112.192859
11,8.543542288,16.33171621,48.14682193
11.1,2.786297221,20.66833196,13.95790673
11.2,1.146539573,19.78477108,5.870418985
11.3,5.703146154,14.05100328,34.65025206
11.4,14.38856152,6.571290972,127.8314142
11.5,20.66801093,1.562278948,376.5866817
11.6,18.17163651,1.9710838,294.7725655
11.7,8.116399509,7.675063495,66.72183655
11.8,1.075888799,15.39261948,6.24534859
11.9,6.415086476,20.50462579,32.2642932
12,18.20309025,19.82291226,93.11227919
12.1,19.3823113,13.65115232,119.4720932
12.2,6.99510229,5.770729176,66.3169108
12.3,1.476989581,1.190862252,30.82422964
12.4,13.67628544,2.951393467,181.3009856
12.5,20.56940336,10.0198286,147.9916161
12.6,7.282562358,17.78200714,39.33139828
12.7,2.372020781,20.99706669,11.78921098
12.8,17.75703437,17.37036607,97.03122501
12.9,16.2627032,9.29339915,121.4929298
13,1.234027379,2.376630224,18.23012103
13.1,12.82410565,1.584718114,232.004624
13.2,18.98248811,7.605527687,156.7595562
13.3,1.784089649,16.14735843,10.11140475
13.4,12.88738952,20.90650947,64.19035165
13.5,17.66597523,18.23027434,94.22943335
13.6,1.001214016,10.02639439,7.20112075
13.7,17.89819217,2.534740431,256.0283073
13.8,10.69970889,1.629664643,190.8835067
13.9,5.040862319,8.143484298,40.2295587
14,20.47098305,16.97904983,113.1429692
14.1,1.232745324,20.99976332,6.126489989
14.2,18.67218887,16.81770972,103.6948936
14.3,6.586225647,7.775393503,53.79240748
14.4,12.02361978,1.409070836,230.68236
14.5,12.88152743,3.19078769,164.2343414
14.6,6.937608817,11.7169242,46.1581679
14.7,16.51881679,19.65359668,84.86008866
14.8,4.649027189,19.98082853,23.68650063
14.9,17.66035302,12.28480586,114.7521408
15,4.505519517,3.395940344,55.68143428
15.1,16.82716011,1.423693058,321.1797885
15.2,6.431007819,8.299507085,50.83917005
15.3,13.61114451,17.72803361,73.62239245
15.4,11.08922005,20.8296359,55.33574057
15.5,7.620011502,14.54209431,45.50799618
15.6,17.768143,4.805607102,184.5922549
15.7,1.662208178,1.089044353,36.27506469
15.8,20.87510786,7.154597724,177.7385703
15.9,3.650167591,17.08404124,20.11236137
16,12.75023059,20.90461426,63.51006022
16.1,16.11176085,14.62890207,95.93624264
16.2,1.333516057,4.58807484,14.17844384
16.3,19.36995513,1.19714339,403.1819614
16.4,10.09144939,8.120912045,80.64857679
16.5,3.340116536,18.13189281,17.86428393
16.6,20.4665376,20.50628453,102.9310617
16.7,9.470107141,12.56093135,60.85405686
16.8,2.594636525,2.877454048,34.83516673
16.9,19.00833818,2.168083506,294.0029659
17,14.41692108,11.34550641,97.47789512
17.1,1.069648157,20.15986403,5.425536784
17.2,11.49742292,18.53921249,60.81356034
17.3,20.88034815,8.218838966,165.8739033
17.4,9.041086239,1.107705433,195.6383689
17.5,1.155734319,5.608616771,11.1141356
17.6,11.93357651,16.52274594,66.86133961
17.7,20.98622401,20.84723383,104.6780563
17.8,13.58293019,13.26841693,84.92381161
17.9,2.386030149,2.898949127,31.91546632
18,3.37557489,2.490055182,48.71792992
18.1,14.01867432,12.66944275,89.69614007
18.2,20.88290247,20.77771528,104.336804
18.3,17.25512316,16.51357601,96.7036938
18.4,7.952886314,5.187401876,79.52348267
18.5,1.567483591,1.336014853,30.8846671
18.6,2.328667019,10.06016793,16.72054163
18.7,8.503669339,20.03901966,43.2627073
18.8,15.63592979,18.0586168,83.79672293
18.9,20.14238398,6.634776971,178.0915325
19,20.81693729,1.074964493,457.2622392
19.1,18.40032686,9.008749331,139.6171765
19.2,14.42754791,19.69191309,74.04472672
19.3,10.29404352,18.36430145,54.70718367
19.4,6.845953786,6.752443158,59.99969727
19.5,4.380992028,1.098659841,95.18892066
19.6,2.833705327,9.492774793,20.94612362
19.7,1.977440854,20.06040592,10.05493364
19.8,1.569676482,17.56680533,8.5292201
19.9,1.432788057,5.510034399,13.90113824
20,1.489434837,1.489434837,27.79433696
20.1,1.773151471,11.53350319,11.89079197
20.2,2.424087042,20.79829948,12.10541997
20.3,3.665524308,15.3454272,21.31042823
20.4,5.743976799,3.298072588,72.03244174
20.5,8.810903427,2.998440193,115.8826212
20.6,12.73909431,15.01871065,74.86309749
20.7,16.91616443,20.81985765,84.43229311
20.8,20.14429232,11.27140028,136.6496875
20.9,20.86071032,1.282272733,419.5507031
21,17.86833847,6.713802162,157.052721
21.1,11.47765442,19.01172352,59.94983115
21.2,4.373694945,18.40560694,23.21768858
21.3,1.00067192,5.766713023,9.490150678
21.4,4.6752717,1.679744198,82.15440306
21.5,13.72196277,12.95860569,86.81258005
21.6,20.63252629,20.99560274,102.5495592
21.7,17.86582636,12.3122178,115.9579499
21.8,7.180132651,1.408004288,137.8085121
21.9,1.00532675,6.781759667,8.791877035
22,8.391584937,19.3752804,43.41757479
22.1,19.78702161,17.55186594,107.5633565
22.2,17.19932426,4.359589416,187.6005702
22.3,3.868988117,2.759509271,53.0428721
22.4,3.672575349,15.65818394,21.13710886
22.5,17.93087363,20.31214935,90.60852772
22.6,17.63100952,8.353997659,138.9234531
22.7,2.646931792,1.142019962,56.40939827
22.8,7.323428504,11.75828023,48.63938863
22.9,20.94162645,20.99942618,104.0763994
23,8.787919072,11.90980204,57.99350294
23.1,2.843690161,1.136275406,60.75556116
23.2,19.78956985,8.688769399,152.8983446
23.3,10.77665134,20.56812569,54.11679121
23.4,2.772523252,14.43344982,16.62017867
23.5,20.48848462,1.788485554,348.9094116
23.6,7.230125946,6.714937549,63.54339844
23.7,6.979851029,19.87138132,35.65970034
23.8,20.13255591,15.88456771,115.042094
23.9,1.323691863,2.395939925,19.47576391
24,17.47055962,5.7482537,165.9527361
24.1,9.460793994,19.44647611,48.85991344
24.2,7.741810203,16.4016982,43.535514
24.3,17.85668454,2.581895064,253.0912305
24.4,2.014754392,5.65871909,19.28895092
24.5,20.87810899,19.52229532,107.6146223
24.6,1.0312223,16.06768201,5.858969627
24.7,20.68512807,2.25348141,313.817233
24.8,1.646003955,6.431007819,14.78212669
24.9,20.17742148,20.06146923,102.5958662
25,1.761204675,14.82683432,10.41672447
25.1,20.51046808,1.580702486,371.5318653
25.2,1.149122869,8.17872863,9.151012169
25.3,20.99515402,20.75164046,104.9635262
25.4,1.440593052,12.53827475,9.265481411
25.5,19.0947839,1.031445954,428.1905458
25.6,5.765374563,11.02010618,39.55307044
25.7,11.9564075,20.95991574,59.47733577
25.8,15.09681043,9.176821022,113.4970662
25.9,2.570383198,1.398730159,49.49672549
26,20.971589,14.79779096,124.1590722
26.1,3.9021039,19.76624319,19.98859766
26.2,11.20230476,5.184334644,112.0486
26.3,18.2532391,3.652724435,217.5089101
26.4,1.091275137,18.68587316,5.749407974
26.5,15.6027726,16.28512419,88.05455079
26.6,16.15624402,1.842027641,271.1052308
26.7,1.014443259,8.394921212,7.973794021
26.8,14.62978029,20.94220125,72.80684369
26.9,18.42562954,10.45394876,129.7859606
27,2.408614187,1.247733701,49.10795531
27.1,8.041885806,14.87293539,47.4903227
27.2,20.92051577,19.37253286,108.2492132
27.3,11.14796361,4.070032281,125.846801
27.4,1.005712852,5.256117817,9.990495271
27.5,11.19633692,20.16187957,56.78792699
27.6,20.98358652,13.05124718,132.2815506
27.7,12.95737337,1.000144298,295.0741782
27.8,1.787385473,13.21698267,11.19689558
27.9,4.831536803,20.01332689,24.59638102
28,16.46394347,4.723086387,172.5307404
28.1,20.82516097,4.90549239,214.1374508
28.2,13.63145716,20.16200547,69.13866404
28.3,3.909189025,12.62296181,25.05829981
28.4,1.217827823,1.042740122,27.16085358
28.5,6.806271377,14.46853804,40.75139691
28.6,15.19971687,19.12620935,79.15285975
28.7,20.44744273,3.18961043,260.7448525
28.8,20.18451904,7.160398543,171.7890081
28.9,15.67346662,20.94230239,78.00068465
29,9.715505698,9.157055514,73.11947286
29.1,4.703297279,2.150464962,73.04353934
29.2,1.789831098,18.10121478,9.580843656
29.3,1.003556799,15.52562336,5.800467518
29.4,1.753529047,1.115187887,37.81677653
29.5,3.299876264,12.71155344,21.07870404
29.6,5.02498004,19.76548725,25.74104318
29.7,6.518695295,3.56343872,78.64508721
29.8,7.554750443,7.201046588,64.11621507
29.9,8.029884165,20.99164851,39.91458076
30,7.909830056,7.909830056,64.05147582
30.1,7.202499668,3.195499505,91.76127391
30.2,5.964853662,19.63860123,30.65420674
30.3,4.341990691,12.53610177,27.92885928
30.4,2.627467135,1.253605196,53.44443194
30.5,1.316124582,16.74362501,7.325171898
30.6,1.093833706,16.36781364,6.157459027
30.7,2.685478419,1.140861631,57.25992093
30.8,6.498205166,13.34544939,40.51094577
30.9,12.10327589,18.97434407,63.27980203
31,17.82253609,2.252111157,270.4706572
31.1,20.93175129,10.17751871,149.4273778
31.2,18.96732476,20.40283374,95.63269608
31.3,11.93138697,3.944276735,136.8210147
31.4,3.839757886,7.61380317,31.69192232
31.5,1.164127797,20.94711784,5.792740663
31.6,7.360854096,5.709809488,70.15570043
31.7,17.49710787,5.75119484,166.1624141
31.8,20.61373227,20.96340524,102.5347982
31.9,11.86630647,7.219943924,100.5759661
32,1.749227932,4.529440384,18.71844183
32.1,5.111731788,20.76319422,25.54856663
32.2,17.91750042,8.295877432,141.6745443
32.3,18.96447603,3.834277423,220.5690875
32.4,5.372931779,20.56931216,26.98031441
32.5,2.795985565,8.856908469,21.39633609
32.6,17.30719149,3.566590071,208.7111088
32.7,17.82919417,20.50774588,89.66404262
32.8,2.487416442,8.875016883,19.01557539
32.9,8.137463475,3.680062332,96.60665154
33,20.99402948,20.61165422,105.3137175
33.1,6.902329832,8.349453523,54.40167195
33.2,4.571696073,4.194939531,50.83467634
33.3,20.82934707,20.82351946,103.954706
33.4,7.189425328,7.305905687,60.57629553
33.5,5.848871251,5.192260015,58.45738846
33.6,20.87171958,20.99171257,103.7480303
33.7,3.016187496,5.820356935,28.47272872
33.8,12.79846174,6.786602569,111.8863562
33.9,15.79577324,20.86793027,78.74931169
34,2.005947484,4.063466942,22.66296656
34.1,20.94692406,9.070361819,158.3993945
34.2,2.722842535,20.12228833,13.82386255
34.3,16.18501669,2.352707808,240.3115913
34.4,9.229977121,12.02361978,60.62176432
34.5,9.738876001,18.4015945,51.70430118
34.6,14.5981443,1.184021343,305.5367477
34.7,5.799411369,15.39685241,33.65995312
34.8,17.15485417,15.45685419,99.37383264
34.9,4.433905491,1.195161998,92.3673765
35,17.49448048,18.60405966,92.37251176
35.1,5.071178806,11.34582039,34.2875565
35.2,15.79108608,3.002398968,207.5502996
35.3,8.026884487,20.70816186,40.17184722
35.4,11.41331582,6.66164784,100.7086013
35.5,13.78236807,6.877699539,119.6872281
35.6,4.805607102,20.61476925,24.10485849
35.7,19.98731299,2.650387836,279.6052122
35.8,1.016630094,12.32685417,6.594507957
35.9,19.06813914,17.56135424,103.6274652
36,8.029584184,1.000789558,182.7962312
36.1,7.121272547,17.79469477,38.44659657
36.2,20.17204771,11.82968225,133.5700263
36.3,1.851516494,3.123740826,23.85808892
36.4,13.63751838,20.88194179,67.96658872
36.5,17.31961674,5.307922243,171.2070191
36.6,1.080594947,9.016446642,8.195789367
36.7,14.59022882,19.40757534,75.42616507
36.8,17.97625417,1.242479916,367.2823647
36.9,1.802483625,16.34207766,10.15461021
37,10.02764506,13.15076237,62.97512709
37.1,20.89389804,2.634861617,293.1474563
37.2,7.795324943,20.82381315,38.90448391
37.3,1.969059096,5.180501767,19.70236688
37.4,15.78336309,9.660691617,115.6487658
37.5,19.81921264,18.73010453,104.2946092
37.6,6.920391946,1.015561197,156.3951234
37.7,1.408448517,18.02001425,7.556296249
37.8,11.90479622,10.52391458,83.57547876
37.9,20.85861244,4.737526269,218.250458
38,15.70703932,20.84564335,78.34878103
38.1,4.586869521,2.402350654,67.39749443
38.2,1.308258257,14.23203995,7.897788
38.3,8.418587337,14.61953244,50.1438926
38.4,17.71989478,2.258816819,268.5135442
38.5,20.94871886,20.83869431,104.5123904
38.6,16.62187307,4.480709813,178.8348345
38.7,8.889447458,11.35523937,60.0789294
38.8,2.810562343,16.91439132,15.56361936
38.9,1.026572205,1.37792462,19.9169272
39,3.314930828,20.28615402,16.76178153
39.1,7.874296531,5.85048698,74.141492
39.2,12.77002288,9.976380216,92.07691153
39.3,16.73693665,17.74150289,90.4953645
39.4,19.31225179,1.199197077,401.6365233
39.5,20.60512509,20.11079793,104.642033
39.6,20.99308292,5.968111172,195.7056363
39.7,20.89535361,10.14996954,149.3698414
39.8,20.65348853,17.3752081,112.8428314
39.9,20.49086249,1.388259087,396.0687164
40,20.51056516,20.51056516,103.1417221
40.1,20.70118975,4.796978832,215.2568445
40.2,20.93597121,11.87726018,138.3504391
40.3,20.96688957,15.68179674,120.5817721
40.4,20.4315771,2.295686835,307.1080027
40.5,18.90636145,20.9885257,93.98586746
40.6,16.04599954,2.77109495,219.5263398
40.7,11.83124762,15.04372329,69.47018259
40.8,6.87455132,12.27327744,44.68992719
40.9,2.604351248,4.826098346,26.99896014
41,1.017809347,20.30928393,5.143570465
41.1,3.727325648,1.114475794,80.40954082
41.2,10.45238032,18.83485265,54.85038175
41.3,17.94354481,7.222270841,152.0606781
41.4,20.96655667,9.810276102,152.4516263
41.5,16.15112875,16.80773998,89.72093343
41.6,6.475777426,2.025814103,103.6185911
41.7,1.003899824,20.99517355,4.989720373
41.8,6.53752205,2.286422858,98.46467563
41.9,17.71593871,16.50046454,99.32570308
42,20.10105971,9.871436151,145.7049639
42.1,9.200611159,7.570976483,76.15287302
42.2,1.00003482,18.22137023,5.335439138
42.3,9.768800188,1.486623448,182.4678277
42.4,20.83581551,20.91406546,103.7616422
42.5,12.7579628,2.577827663,180.9672372
42.6,1.059565894,16.39111864,5.960315349
42.7,11.21078526,9.568908422,82.53732682
42.8,20.77161434,8.275316668,164.446072
42.9,6.471575402,17.35994719,35.37377265
43,3.951181461,2.104241236,62.03328448
43.1,20.20710676,20.97301423,100.4891736
43.2,10.56785147,1.51141619,195.7673357
43.3,2.475404491,18.58587128,13.07676372
43.4,20.00008618,6.391929071,180.1612796
43.5,9.195666882,12.02705732,60.38778559
43.6,4.602550995,13.63751838,28.3841896
43.7,20.97965104,5.104624248,211.4764128
43.8,3.263720817,19.34840177,16.89802769
43.9,12.95983797,1.26749705,262.1631567
44,15.14375581,20.93611311,75.37566117
44.1,2.645205007,2.003339931,42.56254385
44.2,20.96573014,18.07906048,112.2968637
44.3,1.61797791,6.558057286,14.3889979
44.4,18.47278733,12.39781452,119.48281
44.5,5.916347664,12.7270275,37.76902379
44.6,13.81524287,6.371866093,124.6438252
44.7,9.999196049,18.05082383,53.59967226
44.8,10.77884991,2.191323936,165.8306098
44.9,11.81621923,20.79229181,59.01642848
45,10.21540904,1.030826663,229.1440075
45.1,11.12597453,20.37635579,56.13327336
45.2,12.15852528,2.892139691,162.8234055
45.3,7.97234191,17.299143,43.65351171
45.4,16.32746304,6.889438146,141.6681984
45.5,3.299876264,12.71155344,21.07870404
45.6,20.51675909,11.73321748,136.40986
45.7,1.08491016,7.92507196,8.77683095
45.8,19.04636866,16.18850845,107.8088299
45.9,7.412117003,4.022620497,84.16534337
46,8.391584937,19.3752804,43.41757479
46.1,19.17770189,1.654361237,339.568155
46.2,1.102257607,20.87903636,5.493807574
46.3,16.71633308,1.010647221,378.6925729
46.4,13.70049291,20.70914051,68.56472201
46.5,1.615371138,1.915282917,26.58284236
46.6,18.93149298,19.1713685,98.469985
46.7,12.53672263,3.971041831,143.2772875
46.8,1.399169416,16.71813734,7.793309495
46.9,17.11938479,6.702735693,150.5940007
47,16.6467895,13.82006576,101.9814066
47.1,1.608230028,9.665984399,11.78068887
47.2,9.368668929,10.87936577,64.68769369
47.3,20.99202918,12.5112625,135.1603843
47.4,10.7876443,8.187168842,85.86285188
47.5,1.001927595,15.00748833,5.890170896
47.6,10.55278641,5.916077131,98.80883957
47.7,20.85265555,17.03656131,115.057773
47.8,14.53945005,4.13531577,162.8317931
47.9,2.829174824,18.57152414,14.9513902
48,2.984330151,2.836607493,40.35457784
48.1,13.59658505,19.64886959,69.8564679
48.2,20.84143642,1.961921207,338.8694607
48.3,17.30402168,20.3420572,87.37660767
48.4,7.833442315,1.427774117,149.3029751
48.5,1.467829491,20.73995743,7.340358029
48.6,2.58987425,1.143766289,55.15127998
48.7,9.178365513,20.93138438,45.68902988
48.8,16.39640948,1.025105342,368.8162706
48.9,20.52224317,20.99527066,102.0022273
49,20.50081019,1.000049348,466.8806488
49.1,17.35461211,20.99525131,86.25810977
49.2,12.85405931,1.013660843,290.7632597
49.3,8.498193902,20.97721875,42.25695968
49.4,5.113001472,1.029269301,114.7775559
49.5,2.905216097,20.96855405,14.44906566
49.6,1.70038592,1.028790891,38.17943608
49.7,1.176598077,20.97805862,5.850473972
49.8,1.01965389,1.012693652,23.07593468
49.9,1.000000005,20.99599419,4.970239823
50,1,1,22.77432765
50.1,1.019712994,20.99404033,5.068453944
50.2,1.1768921,1.028316418,26.43131846
50.3,1.701194665,20.92538067,8.469599862
50.4,2.906876547,1.153478137,61.6406868
50.5,5.115795286,20.72552968,25.59209874
50.6,8.502148304,1.448001199,160.9124991
50.7,12.85868979,20.31489474,64.97331055
50.8,17.35873494,1.997176936,279.7405118
50.9,20.50267085,19.60438026,105.4579793
51,20.52022627,2.891404192,274.8358022
51.1,16.39032483,18.50547197,86.77268622
51.2,9.170643505,4.213376831,101.7490175
51.3,2.58528822,16.94601091,14.30279095
51.4,1.470587465,6.019238579,13.65103706
51.5,7.842681592,14.89204337,46.28422558
51.6,17.31206607,8.314029534,136.7378301
51.7,20.83948015,12.37448004,134.9177115
51.8,13.5853581,11.02387608,93.18574757
51.9,2.977010511,9.516693096,21.97773339
52,2.836607493,13.97041582,17.28383628
52.1,14.55208118,6.555805708,129.4367609
52.2,20.85022781,16.85648263,115.6572576
52.3,10.53803619,3.846998859,122.3613392
52.4,1.001637204,19.2750414,5.195870904
52.5,10.80366308,1.838120429,181.480353
52.6,20.99135066,20.7539314,104.9387193
52.7,9.351624078,1.003391207,212.6167423
52.8,1.614394974,20.84476234,8.052984947
52.9,16.66207725,1.732495877,288.2959911
53,17.10421688,19.25310659,88.77656799
53.1,1.393652094,4.18642681,15.51237106
53.2,12.55689721,15.9883872,71.51968206
53.3,18.9186562,8.153119959,150.8946818
53.4,1.607906392,11.48863716,10.80368889
53.5,13.72196277,12.95860569,86.81258005
53.6,16.69750081,6.655987595,147.3977268
53.7,1.105646019,17.50188295,6.018929874
53.8,19.19160053,2.736971839,264.1931757
53.9,8.367633592,20.46886361,42.12125991
54,7.435881213,1.012630434,168.2877562
54.1,19.03085871,20.72960818,95.19374284
54.2,1.088417987,2.334932873,16.22198796
54.3,20.52511726,17.83378265,110.6902776
54.4,3.282066985,6.646934772,28.99227508
54.5,16.35163496,12.41678751,105.6822676
54.6,7.944509352,12.71433909,50.74178611
54.7,12.18816424,6.267756571,110.8735114
54.8,11.09550296,18.31029854,59.05339163
54.9,10.24641868,1.860418581,171.0851551
55,11.78459096,20.96917334,58.60968975
55.1,10.8112015,1.354342922,211.5705452
55.2,9.966380446,19.14593622,51.8734009
55.3,13.84748235,5.402834146,135.6767922
55.4,5.886889147,13.27820681,36.79270413
55.5,18.49591445,12.40123626,119.6158916
55.6,1.605750946,6.055240473,14.86134285
55.7,20.96267665,18.83387644,110.0075371
55.8,2.665459965,1.39391397,51.41617238
55.9,15.10970266,20.93543769,75.20738013
56,12.99709981,2.298162453,195.2547716
56.1,3.239293773,17.03455743,17.87435887
56.2,20.97707015,8.68265679,162.1302595
56.3,4.633267104,9.14748427,34.88848142
56.4,9.155820417,16.75108059,50.94732852
56.5,20.01794816,2.348923478,297.4614499
56.6,2.497322803,20.96254094,12.42219337
56.7,10.52548361,1.635713051,187.4278244
56.8,20.22381754,17.89659988,108.8738144
56.9,3.982223459,8.011290898,32.04202391
57,6.432125657,9.404633976,47.76712863
57.1,20.76196932,16.89283787,115.0436899
57.2,11.25632588,2.059333068,178.6400887
57.3,1.054638838,20.9983911,5.241508748
57.4,12.71186297,2.255766719,192.7558975
57.5,20.84426568,16.39138323,117.2531078
57.6,9.816514895,10.31692176,69.6029787
57.7,1.000024876,6.750452385,8.765767127
57.8,9.152115298,19.14812232,47.63256302
57.9,20.08024764,1.048646678,446.5807886
58,17.75332808,20.10105971,90.18117024
58.1,6.583406846,5.259975936,65.37389792
58.2,1.002586593,11.72945766,6.666969855
58.3,6.429051776,15.54298382,37.13857965
58.4,16.10554924,2.466384003,233.5558538
58.5,20.962023,20.99962681,104.1772693
58.6,17.98255381,2.591234236,254.4155174
58.7,10.50728369,15.16347442,61.45209047
58.8,3.76560343,12.45751512,24.29765906
58.9,1.021321823,4.344804005,11.15894357
59,2.573595878,20.677971,12.88937787
59.1,6.822248958,1.572082929,123.9182873
59.2,11.77331559,16.89410688,65.23440888
59.3,15.99519266,10.76471642,111.0283136
59.4,18.86986712,5.440641213,184.2423069
59.5,20.41146523,20.35166124,103.043313
59.6,20.96177642,1.344873699,411.6545299
59.7,20.94270607,17.25463293,114.8221038
59.8,20.71602006,10.62184243,144.7611285
59.9,20.52969821,5.301724667,203.0577384
60,20.51056516,20.51056516,103.1417221
60.1,20.66993483,1.580491509,374.4454765
60.2,20.90444103,16.35932892,117.7067535
60.3,20.99045326,12.03205716,137.815301
60.4,20.58664934,3.977077758,235.0981386
60.5,19.27521778,20.93874464,95.93333402
60.6,16.6819998,2.618545383,234.7813651
60.7,12.70350526,13.95511305,77.44661788
60.8,7.809612918,14.89522641,46.08414333
60.9,3.271091407,2.05891094,51.91818051
61,1.021754585,20.69359662,5.115336056
61.1,2.850967155,5.321878615,28.14526203
61.2,8.958593184,9.791562548,65.20176898
61.3,16.68070713,18.5282633,88.25567992
61.4,20.95573783,1.001800241,476.8238336
61.5,17.66597523,18.23027434,94.22943335
61.6,8.347938941,10.41725074,58.90447228
61.7,1.290333195,4.574825042,13.73916027
61.8,4.644175108,20.93877935,23.11417892
61.9,15.77315203,3.086718816,204.4633721
62,20.84564335,12.37790291,134.9389516
62.1,11.82874302,16.99389691,65.34880821
62.2,1.386959805,1.099056427,30.13002172
62.3,6.991360385,18.94543931,36.58094443
62.4,19.85581775,9.816514895,144.3293572
62.5,15.71396737,4.656067158,165.8524126
62.6,1.935211622,20.97444775,9.62340494
62.7,7.871312503,3.661254786,93.68665718
62.8,20.90530562,10.99497345,143.5836512
62.9,9.946696459,18.38763606,52.82767286
63,1.834975781,1.047385978,40.83405631
63.1,18.03521231,16.89334549,99.93301529
63.2,14.51240362,13.17407356,91.0594182
63.3,1.091571823,2.205191662,16.74074227
63.4,17.38488461,20.33835382,87.79291677
63.5,13.55530128,7.694032464,111.2955326
63.6,1.88648443,5.881490414,17.71556847
63.7,20.20612567,20.88323778,100.7000526
63.8,7.041211013,3.57331847,84.83148353
63.9,8.113391507,10.44140158,57.18321884
64,19.01566985,19.16339251,98.92840237
64.1,1.022149875,1.416485105,19.55933739
64.2,20.02621348,14.61220988,119.31264
64.3,4.735077316,16.21185409,26.7828196
64.4,13.86945907,1.04849205,308.476807
64.5,11.3219576,17.73593211,61.22659107
64.6,8.114895473,12.96137828,51.33373942
64.7,15.70953375,1.913183237,258.6607763
64.8,5.14657355,19.68693769,26.41646282
64.9,17.42276733,10.02733239,125.3054602
65,4.505519517,3.395940344,55.68143428
65.1,17.07955241,20.6620443,85.57273361
65.2,5.881490414,7.700259573,48.27033083
65.3,14.50799109,4.998059042,147.7924177
65.4,9.83523407,20.98248925,48.89920068
65.5,9.133902297,6.038592629,84.65138343
65.6,16.26884593,6.386353652,146.6141303
65.7,2.667717471,20.96273087,13.26971112
65.8,20.95667762,4.97973128,213.8774726
65.9,2.050204748,7.371683422,17.19726808
66,15.70703932,20.84564335,78.34878103
66.1,12.89818633,4.429167815,139.5767698
66.2,2.955123898,7.863257172,24.00048504
66.3,20.85479702,20.78132357,104.187335
66.4,5.937735611,4.317414594,65.08104875
66.5,7.093492022,7.827781017,57.7412678
66.6,20.84805328,20.8254533,104.0432336
66.7,4.652667895,4.628423186,49.2528185
66.8,6.805986181,7.267401777,57.49724583
66.9,20.98978314,20.94094658,104.4612845
67,8.240271174,5.405177419,80.72017439
67.1,2.431366804,6.221327677,22.20007845
67.2,17.74962008,20.99671431,88.21835529
67.3,17.39141056,6.733965318,152.6317679
67.4,2.859169155,4.790820373,29.74955478
67.5,5.282120398,20.76765881,26.39733539
67.6,18.89692667,8.703443377,145.8784661
67.7,17.99760599,3.181769122,229.7872739
67.8,5.202750417,19.95021566,26.52801533
67.9,1.706984492,11.33263329,11.54807836
68,11.75326806,1.749227932,202.3862502
68.1,20.58171858,18.21636999,109.823753
68.2,17.58384741,14.46883269,105.2792357
68.3,7.468484436,1.012457398,169.0400707
68.4,1.18570491,15.33042494,6.896759571
68.5,3.75888322,17.67767599,20.36065818
68.6,11.81465366,1.591618055,213.2785262
68.7,18.89557731,11.33577313,127.8145093
68.8,20.94486812,20.18451904,106.1729763
68.9,17.90910171,4.01362405,203.5874591
69,12.222158,6.770654029,106.9739782
69.1,6.605969435,20.96617049,32.85659601
69.2,2.753285058,8.372180073,21.67092565
69.3,1.111181724,2.791317857,15.14697845
69.4,1.286363625,19.09681246,6.703920783
69.5,2.560931722,13.93289557,15.62510244
69.6,4.250379917,1.003285688,96.64090915
69.7,5.858029467,14.36046703,35.20568787
69.8,7.08741976,18.93913998,37.08972324
69.9,7.790861443,2.818322187,105.6904448
70,7.909830056,7.909830056,64.05147582
70.1,7.436174743,20.99758895,36.95816809
70.2,6.405317495,8.390371823,50.36114811
70.3,4.922942221,2.442399819,71.74009106
70.4,3.218533089,18.29312626,17.13797784
70.5,1.705129252,15.67235562,9.80924836
70.6,1.000938071,1.252201063,20.37115901
70.7,1.841396858,11.29809298,12.4764316
70.8,4.805607102,20.61476925,24.10485849
70.9,9.846155504,6.023325401,91.36799443
71,15.78998303,3.731855345,186.1507658
71.1,20.23626862,19.34442192,104.7847598
71.2,20.40283374,14.52181441,121.9342227
71.3,15.07760016,1.101140346,327.2325141
71.4,6.684305922,11.68934661,44.52529078
71.5,1.190617985,20.62668128,5.970398564
71.6,4.005761209,6.444426631,35.93672359
71.7,13.76305021,3.134980979,177.0283428
71.8,20.84979415,18.52681561,110.3181439
71.9,16.34791905,16.1279525,92.70825893
72,4.723086387,1.656710575,83.56956303
72.1,1.842406219,9.046323753,13.95066443
72.2,13.09427425,20.99385455,65.08499939
72.3,20.97455984,9.79998312,152.5898888
72.4,11.05529175,1.360753563,215.8370679
72.5,1.001927595,15.00748833,5.890170896
72.6,11.2902424,19.53033877,58.18270956
72.7,20.90151617,4.71599672,219.1980103
72.8,7.905049915,4.05984715,89.35016103
72.9,2.483297716,18.96675516,12.98607284
73,18.52184937,16.11743,105.0707945
73.1,14.49386577,1.91712202,238.3992702
73.2,1.023357072,7.73824624,8.378214729
73.3,16.28138991,20.71549947,81.46842815
73.4,15.4714723,12.51592059,99.59689729
73.5,1.112305733,1.025529815,25.01471704
73.6,18.35473011,11.03015924,125.8643323
73.7,11.05309267,20.97460461,54.96452563
73.8,4.008456088,9.670654817,29.35585635
73.9,20.95912507,1.178365849,439.722451
74,2.490055182,13.36498997,15.51208649
74.1,15.23475411,20.60460045,76.43616951
74.2,11.80463357,7.86087084,95.88766539
74.3,5.896341785,1.607151564,105.9253229
74.4,19.00363206,14.66254383,113.0257808
74.5,1.487010757,20.23578689,7.528346958
74.6,20.98913427,7.052753868,179.9951182
74.7,1.123559297,1.836107203,18.88393709
74.8,20.55756057,15.00144305,120.8789348
74.9,1.702350795,20.18985385,8.628355591
75,20.23879533,7.173165676,172.0975914
75.1,1.591298733,1.690830805,27.87065694
75.2,20.72340577,14.41810205,124.2947106
75.3,1.019910651,20.49992764,5.130167292
75.4,20.85195623,8.235440178,165.481314
75.5,2.086371874,1.27813727,42.02894943
75.6,17.73848586,12.85405931,112.6787345
75.7,7.895193346,20.91517153,39.31675074
75.8,9.300519257,10.32068291,65.93234815
75.9,17.59400926,1.000001781,400.6913747
76,1.283682671,10.24673194,9.132938967
76.1,20.06439038,20.87791331,100.0064448
76.2,7.131409653,13.41257993,44.34705531
76.3,7.077303109,1.562902276,128.9280603
76.4,20.53964347,6.769515348,179.7875759
76.5,2.868484422,19.56312157,14.76994858
76.6,10.60928535,17.0902725,58.446324
76.7,19.86847986,3.843048284,230.8193876
76.8,2.942453397,3.180789827,37.57402075
76.9,8.62310717,16.16081928,48.85147277
77,20.95852701,20.18997772,106.2278524
77.1,7.48259645,8.409483139,58.76425519
77.2,2.554028452,1.063320872,56.40779538
77.3,17.50140556,10.56942081,122.6006856
77.4,18.05416472,20.79069634,90.17547679
77.5,3.791464033,14.644705,22.56379738
77.6,3.748274963,2.461147441,54.41369156
77.7,17.06157767,4.346680074,186.3742522
77.8,19.86920555,17.1002347,109.4271357
77.9,8.561513963,19.94670984,43.65766447
78,1.012630434,8.391584937,7.961126831
78.1,7.017279554,1.017085936,158.4657893
78.2,17.73569991,9.474143261,131.2272182
78.3,20.67884035,20.31945863,104.4757935
78.4,13.89352582,16.60627433,77.64650871
78.5,4.81523028,4.217761993,53.39758201
78.6,1.000205366,2.266763224,15.12974699
78.7,4.239492529,13.62933549,26.15303517
78.8,11.29652288,20.99853965,56.14302442
78.9,17.73500327,13.35857927,110.5087589
79,20.82871078,2.22184173,318.2375296
79.1,20.21688562,4.059168635,228.5289749
79.2,17.06332658,16.05359204,96.98915067
79.3,12.92038968,20.68980372,64.69086993
79.4,8.991819575,11.36559989,60.74310205
79.5,5.902827161,1.536605288,108.4487298
79.6,3.793423979,5.126214782,38.15738029
79.7,2.521720993,16.95610984,13.94695783
79.8,1.847082039,20.47057967,9.29751054
79.9,1.549266558,10.90543947,10.68439967
80,1.489434837,1.489434837,27.79433696
80.1,1.634391014,4.996048978,16.65283529
80.2,2.061022374,16.56979988,11.53107082
80.3,2.945245202,20.69290169,14.74539206
80.4,4.525608748,11.99861585,29.75479724
80.5,7.021314291,2.016271738,112.6132382
80.6,10.48626169,3.718060432,123.8534287
80.7,14.60840126,14.78296439,86.53015639
80.8,18.52929713,20.99893758,92.0885954
80.9,20.85211776,14.56969519,124.4143573
81,20.0616021,3.688844053,237.8844363
81.1,15.4616345,1.901676052,255.3481398
81.2,8.314029533,11.29652288,56.33583482
81.3,2.232245587,20.30572284,11.28179777
81.4,1.634941701,18.07195633,8.758812941
81.5,8.142280043,7.399217777,68.17084776
81.6,17.40903175,1.015005624,393.5373506
81.7,20.85049853,6.345430357,188.5087297
81.8,13.82729876,17.06032827,76.24111151
81.9,3.24722483,20.78184598,16.22242828
82,2.490055182,13.36498997,15.51208649
82.1,13.77753966,3.306695708,172.5520481
82.2,20.97354211,1.85825258,350.4007076
82.3,11.73102426,10.50665614,82.4231557
82.4,1.121939914,19.66694832,5.761647371
82.5,9.242037201,19.42217234,47.76000627
82.6,20.90990681,10.16029973,149.3978687
82.7,11.29181253,1.81883929,190.6830369
82.8,1.096079604,3.134010971,14.10059389
82.9,14.6107451,12.60808025,93.71162012
83,18.88225612,20.39811951,95.21478315
83.1,2.483627021,18.61201112,13.11098405
83.2,9.6768825,9.180527877,72.7356301
83.3,20.39693815,1.592363466,368.1200233
83.4,3.206707842,3.28606382,40.28718858
83.5,10.30156473,12.47895718,66.41399617
83.6,19.25239693,20.21408016,97.52217524
83.7,1.28138403,19.1508533,6.668540711
83.8,16.29338932,10.42101429,114.9481547
83.9,12.53982683,2.264162796,189.7943496
84,3.796909751,2.177087736,58.60543224
84.1,20.83903133,10.11554224,149.2205059
84.2,1.587367293,18.81685954,8.333921792
84.3,17.92543655,20.53463645,90.08900626
84.4,7.417102632,13.86945907,45.35760256
84.5,11.30625739,4.74144588,118.2521467
84.6,13.40038285,1.022087224,301.8691912
84.7,6.6262995,5.777425345,62.78406845
84.8,16.64782657,14.88596537,98.26856299
84.9,4.674055067,20.73824639,23.37509444
85,17.49448048,18.60405966,92.37251176
85.1,4.821156852,10.34043054,34.14503126
85.2,16.33277929,2.64123653,228.8769251
85.3,7.141551436,1.56061838,130.1936415
85.4,12.66231805,7.825099743,103.0893595
85.5,12.2455399,16.4967909,68.66315696
85.6,6.386353652,20.9595496,31.76929344
85.7,18.81431177,17.94806503,101.1404971
85.8,1.186912108,9.820258396,8.6258652
85.9,20.39607827,2.593785642,288.4198811
86,5.224272966,1.451354553,98.76081502
86.1,10.47277116,7.092335269,89.55968338
86.2,18.06128672,15.43997235,104.6817543
86.3,1.000263325,20.67551482,5.009930992
86.4,17.49352488,19.28912627,90.71239083
86.5,13.112395,12.33899705,85.01345329
86.6,1.697155437,4.539985811,18.14011085
86.7,18.84129076,1.007236118,427.5536032
86.8,13.05124718,3.934265657,149.8531024
86.9,1.186730781,11.33326126,8.028239526
87,16.06334807,18.48029799,85.09952769
87.1,17.92724934,20.96815447,89.16186002
87.2,2.492696073,17.37811211,13.61800836
87.3,7.06574703,9.98731865,50.91892144
87.4,20.49845504,3.239888177,259.3592154
87.5,13.90284677,1.048152733,309.2694452
87.6,1.551836612,4.571696073,16.5292399
87.7,6.778911463,11.69968884,45.13551172
87.8,19.25026716,18.39292709,102.2249486
87.9,18.36642641,20.99855571,91.27997558
88,6.628842333,18.20309025,35.38430687
88.1,1.049267645,11.60877815,7.013561185
88.2,7.887131361,4.741690908,82.489376
88.3,18.00164458,1.133703181,385.0419649
88.4,20.72691683,2.532566993,296.619568
88.5,14.61543208,8.12723067,116.7578073
88.6,5.910667523,15.08534379,34.65807916
88.7,1.190984444,20.03067106,6.060436484
88.8,2.649523516,20.67448207,13.27076698
88.9,8.307070096,16.82154191,46.12756598
89,14.7104371,10.34074402,104.1826136
89.1,19.24973453,4.204844244,213.7939211
89.2,20.97308338,1.110482074,453.2648817
89.3,20.24491486,2.321322138,302.6173422
89.4,18.01844793,7.212673848,152.7969891
89.5,15.25068511,13.6463053,94.02154358
89.6,12.62141182,18.94295877,66.04342612
89.7,10.49473298,20.99958212,52.15688325
89.8,9.001668888,19.08943125,46.92152341
89.9,8.149506248,14.05997733,49.49764668
90,7.909830056,7.909830056,64.05147582
90.1,8.270178416,2.965398957,109.3752045
90.2,9.248532184,1.003126607,210.3005952
90.3,10.8715124,2.643479046,152.281657
90.4,13.11515855,7.20685947,111.2618003
90.5,15.81065276,13.03556313,99.73106725
90.6,18.53508318,18.123299,99.15656557
90.7,20.54406154,20.80779151,102.569651
90.8,20.84914249,20.29034449,105.4117569
90.9,18.55919744,16.83175475,103.0243918
91,13.51731549,11.59654821,90.40066925
91.1,7.00575598,6.231817847,63.91358749
91.2,1.917779268,2.338070932,28.56375785
91.3,1.637919405,1.002208544,37.26138919
91.4,7.495833729,2.522554046,107.4843586
91.5,16.29845256,6.383287948,146.916211
91.6,20.99449753,11.4572564,141.2572455
91.7,16.3287923,16.35534984,91.95380616
91.8,5.835144949,19.81164855,29.85636322
91.9,1.097081413,20.99895127,5.452373756
92,9.002900195,19.70183755,46.19283672
92.1,19.87543749,16.32081477,112.0447066
92.2,17.39455104,11.72695106,115.6821182
92.3,4.370166353,7.020161431,37.56384017
92.4,2.951393467,3.259741066,37.22897886
92.5,16.7178796,1.232341187,342.9740612
92.6,18.99231725,1.304554006,378.6975447
92.7,4.230238275,3.381473133,52.39108882
92.8,4.825356966,6.966335648,41.63636561
92.9,20.04277876,11.29558081,135.8154615
93,12.53330784,15.51189084,72.47344423
93.1,1.191473598,18.83582866,6.252268526
93.2,16.71813734,20.70309236,83.67887701
93.3,15.67624379,20.84624759,78.19403556
93.4,1.013334503,19.31364875,5.251292753
93.5,17.07306512,16.43101177,95.92347596
93.6,13.5160993,12.72052891,86.30666862
93.7,2.094360368,8.797417791,16.08123383
93.8,20.52559545,5.264350012,203.7365516
93.9,5.834337932,2.621116671,82.07180191
94,9.871436151,1.201449476,205.1035367
94.1,17.48994044,1.142548033,372.6461697
94.2,1.553072308,2.386828113,22.89426304
94.3,20.91103929,4.710621831,219.4229564
94.4,2.414407358,7.771527861,19.72435935
94.5,17.36818634,11.16492614,118.3783023
94.6,7.004315976,14.48061606,41.91966224
94.7,12.93272064,17.35218607,70.70634091
94.8,10.59296207,19.49406725,54.64013352
94.9,10.49724306,20.72377254,52.51536752
95,11.78459096,20.96917334,58.60968975
95.1,10.56000496,20.26253911,53.42724175
95.2,10.46743795,18.72432161,55.09128644
95.3,13.11730785,16.54028118,73.45457186
95.4,6.775209421,13.93559854,41.33381344
95.5,17.60722526,11.14922011,120.0920449
95.6,2.227264686,8.411000346,17.49015146
95.7,20.95997193,5.923383285,196.1333035
95.8,1.729783776,3.848535812,20.08119798
95.9,17.04957727,2.301105106,255.9711101
96,10.49755682,1.346183612,206.0542843
96.1,5.255346346,1.001654302,119.588103
96.2,20.72779114,1.243857099,423.2659609
96.3,2.49517386,2.015443962,40.02773471
96.4,12.65612196,3.234343085,160.2703453
96.5,17.79377272,4.802894552,184.9107149
96.6,1.115568567,6.616414028,9.877123779
96.7,14.70722782,8.57065532,114.4114183
96.8,17.60746107,10.56785147,123.3527827
96.9,1.493228116,12.52119936,9.610561407
97,11.28270567,14.35780389,67.81328997
97.1,20.52588226,16.02021021,116.792053
97.2,5.968111172,17.46672634,32.52195997
97.3,3.240879004,18.67077821,17.08154588
97.4,17.99872805,19.61954965,92.54284835
97.5,17.93087363,20.31214935,90.60852772
97.6,4.023745828,20.75752008,20.11353338
97.7,3.201395512,20.97227114,15.9207002
97.8,15.95021984,20.97857553,79.30932249
97.9,20.56336388,20.80223539,102.6797309
98,10.8743396,20.47098305,54.73676252
98.1,1.553381442,20.01305473,7.908005912
98.2,4.229082245,19.45604863,21.83556199
98.3,14.47266289,18.82605984,75.96513139
98.4,20.83762477,18.14707099,111.4013641
98.5,18.02090914,17.44056875,98.27474821
98.6,9.685602133,16.72535159,53.93672359
98.7,2.699468323,16.01749294,15.36124902
98.8,1.18570491,15.33042494,6.896759571
98.9,4.901010051,14.67511067,29.13670689
99,11.03141587,14.06027642,67.00078522
99.1,16.64186219,13.49267993,103.1806779
99.2,20.05681303,12.97739463,126.7983888
99.3,20.99457023,12.51809426,135.1398538
99.4,20.04344929,12.11732565,131.133797
99.5,18.06551203,11.77676095,119.8899861
99.6,15.81313133,11.49742292,106.2094572
99.7,13.78719578,11.27987935,93.49088695
99.8,12.2520856,11.12440386,83.65987537
99.9,11.31379359,11.03110172,77.57903461
100,11,11,75.53389967