Time,input_1,output
0,0,0
0.1,0.094077037,0.094077037
0.2,0.248568169,0.248568169
0.3,0.453738555,0.453738555
0.4,0.6841806,0.5
0.5,0.890649686,0.5
0.6,0.997955076,0.5
0.7,0.9183649,0.5
0.8,0.589410688,0.5
0.9,0.033954089,0.033954089
1,-0.585240754,-0.5
1.1,-0.975080479,-0.5
1.2,-0.846743301,-0.5
1.3,-0.161676161,-0.161676161
1.4,0.680045517,0.5
1.5,0.988769427,0.5
1.6,0.375590273,0.375590273
1.7,-0.654474292,-0.5
1.8,-0.954152604,-0.5
1.9,-0.042744049,-0.042744049
2,0.947098305,0.5
2.1,0.520917266,0.5
2.2,-0.760732318,-0.5
2.3,-0.718760019,-0.5
2.4,0.671244646,0.5
2.5,0.720853597,0.5
2.6,-0.75680343,-0.5
2.7,-0.528619094,-0.5
2.8,0.94315771,0.5
2.9,0.057804481,0.057804481
3,-0.959412472,-0.5
3.1,0.63836756,0.5
3.2,0.397839748,0.397839748
3.3,-0.992461257,-0.5
3.4,0.65762773,0.5
3.5,0.194319955,0.194319955
3.6,-0.865438378,-0.5
3.7,0.965635213,0.5
3.8,-0.550492397,-0.5
3.9,-0.079116779,-0.079116779
4,0.627691361,0.5
4.1,-0.937438855,-0.5
4.2,0.993016665,0.5
4.3,-0.863147126,-0.5
4.4,0.638971909,0.5
4.5,-0.396426965,-0.396426965
4.6,0.18380038,0.18380038
4.7,-0.02484744,-0.02484744
4.8,-0.072319107,-0.072319107
4.9,0.106642391,0.106642391
5,-0.078459096,-0.078459096
5.1,-0.012534626,-0.012534626
5.2,0.165612196,0.165612196
5.3,-0.373696962,-0.373696962
5.4,0.614990087,0.5
5.5,-0.843906828,-0.5
5.6,0.987010951,0.5
5.7,-0.953444699,-0.5
5.8,0.669846258,0.5
5.9,-0.140310259,-0.140310259
6,-0.492727342,-0.492727342
6.1,0.943813642,0.5
6.2,-0.902729499,-0.5
6.3,0.27805575,0.27805575
6.4,0.585342645,0.5
6.5,-0.999703618,-0.5
6.6,0.491524016,0.491524016
6.7,0.549311619,0.5
6.8,-0.985771612,-0.5
6.9,0.18000069,0.18000069
7,0.892428378,0.5
7.1,-0.638415923,-0.5
7.2,-0.656964801,-0.5
7.3,0.815048927,0.5
7.4,0.549652846,0.5
7.5,-0.820401444,-0.5
7.6,-0.642830393,-0.5
7.7,0.659637076,0.5
7.8,0.875032312,0.5
7.9,-0.225525817,-0.225525817
8,-0.993611311,-0.5
8.1,-0.493793139,-0.493793139
8.2,0.554890892,0.5
8.3,0.998239621,0.5
8.4,0.507526332,0.5
8.5,-0.374687504,-0.374687504
8.6,-0.94502199,-0.5
8.7,-0.897071811,-0.5
8.8,-0.375590273,-0.375590273
8.9,0.276606936,0.276606936
9,0.772511964,0.5
9.1,0.989030821,0.5
9.2,0.946451096,0.5
9.3,0.73647265,0.5
9.4,0.458575108,0.458575108
9.5,0.18660977,0.18660977
9.6,-0.038192476,-0.038192476
9.7,-0.19998702,-0.19998702
9.8,-0.297161571,-0.297161571
9.9,-0.332849169,-0.332849169
10,-0.309016994,-0.309016994
10.1,-0.224301377,-0.224301377
10.2,-0.075452112,-0.075452112
10.3,0.137510239,0.137510239
10.4,0.402446334,0.402446334
10.5,0.683974364,0.5
10.6,0.914784911,0.5
10.7,0.998813118,0.5
10.8,0.838624937,0.5
10.9,0.393714102,0.393714102
11,-0.245645771,-0.245645771
11.1,-0.821370278,-0.5
11.2,-0.985346043,-0.5
11.3,-0.529685385,-0.5
11.4,0.338856152,0.338856152
11.5,0.966801093,0.5
11.6,0.717163651,0.5
11.7,-0.288360049,-0.288360049
11.8,-0.99241112,-0.5
11.9,-0.458491352,-0.458491352
12,0.720309025,0.5
12.1,0.83823113,0.5
12.2,-0.400489771,-0.400489771
12.3,-0.952301042,-0.5
12.4,0.267628544,0.267628544
12.5,0.956940336,0.5
12.6,-0.371743764,-0.371743764
12.7,-0.862797922,-0.5
12.8,0.675703437,0.5
12.9,0.52627032,0.5
13,-0.976597262,-0.5
13.1,0.182410565,0.182410565
13.2,0.798248811,0.5
13.3,-0.921591035,-0.5
13.4,0.188738952,0.188738952
13.5,0.666597523,0.5
13.6,-0.999878598,-0.5
13.7,0.689819217,0.5
13.8,-0.030029111,-0.030029111
13.9,-0.595913768,-0.5
14,0.947098305,0.5
14.1,-0.976725468,-0.5
14.2,0.767218887,0.5
14.3,-0.441377435,-0.441377435
14.4,0.102361978,0.102361978
14.5,0.188152743,0.188152743
14.6,-0.406239118,-0.406239118
14.7,0.551881679,0.5
14.8,-0.635097281,-0.5
14.9,0.666035302,0.5
15,-0.649448048,-0.5
15.1,0.582716011,0.5
15.2,-0.456899218,-0.456899218
15.3,0.261114451,0.261114451
15.4,0.008922005,0.008922005
15.5,-0.33799885,-0.33799885
15.6,0.6768143,0.5
15.7,-0.933779182,-0.5
15.8,0.987510786,0.5
15.9,-0.734983241,-0.5
16,0.175023059,0.175023059
16.1,0.511176085,0.5
16.2,-0.966648394,-0.5
16.3,0.836995513,0.5
16.4,-0.090855061,-0.090855061
16.5,-0.765988346,-0.5
16.6,0.94665376,0.5
16.7,-0.152989286,-0.152989286
16.8,-0.840536347,-0.5
16.9,0.800833818,0.5
17,0.341692108,0.341692108
17.1,-0.993035184,-0.5
17.2,0.049742292,0.049742292
17.3,0.988034815,0.5
17.4,-0.195891376,-0.195891376
17.5,-0.984426568,-0.5
17.6,0.093357651,0.093357651
17.7,0.998622401,0.5
17.8,0.258293019,0.258293019
17.9,-0.861396985,-0.5
18,-0.762442511,-0.5
18.1,0.301867432,0.301867432
18.2,0.988290247,0.5
18.3,0.625512316,0.5
18.4,-0.304711369,-0.304711369
18.5,-0.943251641,-0.5
18.6,-0.867133298,-0.5
18.7,-0.249633066,-0.249633066
18.8,0.463592979,0.463592979
18.9,0.914238398,0.5
19,0.981693729,0.5
19.1,0.740032686,0.5
19.2,0.342754791,0.342754791
19.3,-0.070595648,-0.070595648
19.4,-0.415404621,-0.415404621
19.5,-0.661900797,-0.5
19.6,-0.816629467,-0.5
19.7,-0.902255915,-0.5
19.8,-0.943032352,-0.5
19.9,-0.956721194,-0.5
20,-0.951056516,-0.5
20.1,-0.922684853,-0.5
20.2,-0.857591296,-0.5
20.3,-0.733447569,-0.5
20.4,-0.52560232,-0.5
20.5,-0.218909657,-0.218909657
20.6,0.173909431,0.173909431
20.7,0.591616443,0.5
20.8,0.914429232,0.5
20.9,0.986071032,0.5
21,0.686833847,0.5
21.1,0.047765442,0.047765442
21.2,-0.662630506,-0.5
21.3,-0.999932808,-0.5
21.4,-0.63247283,-0.5
21.5,0.272196277,0.272196277
21.6,0.963252629,0.5
21.7,0.686582636,0.5
21.8,-0.381986735,-0.381986735
21.9,-0.999467325,-0.5
22,-0.260841506,-0.260841506
22.1,0.878702161,0.5
22.2,0.619932426,0.5
22.3,-0.713101188,-0.5
22.4,-0.732742465,-0.5
22.5,0.693087363,0.5
22.6,0.663100952,0.5
22.7,-0.835306821,-0.5
22.8,-0.36765715,-0.36765715
22.9,0.994162645,0.5
23,-0.221208093,-0.221208093
23.1,-0.815630984,-0.5
23.2,0.878956985,0.5
23.3,-0.022334866,-0.022334866
23.4,-0.822747675,-0.5
23.5,0.948848462,0.5
23.6,-0.376987405,-0.376987405
23.7,-0.402014897,-0.402014897
23.8,0.913255591,0.5
23.9,-0.967630814,-0.5
24,0.647055962,0.5
24.1,-0.153920601,-0.153920601
24.2,-0.32581898,-0.32581898
24.3,0.685668454,0.5
24.4,-0.898524561,-0.5
24.5,0.987810899,0.5
24.6,-0.99687777,-0.5
24.7,0.968512807,0.5
24.8,-0.935399604,-0.5
24.9,0.917742148,0.5
25,-0.923879533,-0.5
25.1,0.951046808,0.5
25.2,-0.985087713,-0.5
25.3,0.999515402,0.5
25.4,-0.955940695,-0.5
25.5,0.80947839,0.5
25.6,-0.523462544,-0.5
25.7,0.09564075,0.09564075
25.8,0.409681043,0.409681043
25.9,-0.84296168,-0.5
26,0.9971589,0.5
26.1,-0.70978961,-0.5
26.2,0.020230476,0.020230476
26.3,0.72532391,0.5
26.4,-0.990872486,-0.5
26.5,0.46027726,0.46027726
26.6,0.515624402,0.5
26.7,-0.998555674,-0.5
26.8,0.362978029,0.362978029
26.9,0.742562954,0.5
27,-0.859138581,-0.5
27.1,-0.295811419,-0.295811419
27.2,0.992051577,0.5
27.3,0.014796361,0.014796361
27.4,-0.999428715,-0.5
27.5,0.019633692,0.019633692
27.6,0.998358652,0.5
27.7,0.195737337,0.195737337
27.8,-0.921261453,-0.5
27.9,-0.61684632,-0.5
28,0.546394347,0.5
28.1,0.982516097,0.5
28.2,0.263145716,0.263145716
28.3,-0.709081098,-0.5
28.4,-0.978217218,-0.5
28.5,-0.419372862,-0.419372862
28.6,0.419971687,0.419971687
28.7,0.944744273,0.5
28.8,0.918451904,0.5
28.9,0.467346662,0.467346662
29,-0.12844943,-0.12844943
29.1,-0.629670272,-0.5
29.2,-0.92101689,-0.5
29.3,-0.99964432,-0.5
29.4,-0.924647095,-0.5
29.5,-0.770012374,-0.5
29.6,-0.597501996,-0.5
29.7,-0.44813047,-0.44813047
29.8,-0.344524956,-0.344524956
29.9,-0.297011583,-0.297011583
30,-0.309016994,-0.309016994
30.1,-0.379750033,-0.379750033
30.2,-0.503514634,-0.5
30.3,-0.665800931,-0.5
30.4,-0.837253286,-0.5
30.5,-0.968387542,-0.5
30.6,-0.990616629,-0.5
30.7,-0.831452158,-0.5
30.8,-0.450179483,-0.450179483
30.9,0.110327589,0.110327589
31,0.682253609,0.5
31.1,0.993175129,0.5
31.2,0.796732476,0.5
31.3,0.093138697,0.093138697
31.4,-0.716024211,-0.5
31.5,-0.98358722,-0.5
31.6,-0.36391459,-0.36391459
31.7,0.649710787,0.5
31.8,0.961373227,0.5
31.9,0.086630647,0.086630647
32,-0.925077207,-0.5
32.1,-0.588826821,-0.5
32.2,0.691750042,0.5
32.3,0.796447603,0.5
32.4,-0.562706822,-0.5
32.5,-0.820401444,-0.5
32.6,0.630719149,0.5
32.7,0.682919417,0.5
32.8,-0.851258356,-0.5
32.9,-0.286253653,-0.286253653
33,0.999402948,0.5
33.1,-0.409767017,-0.409767017
33.2,-0.642830393,-0.5
33.3,0.982934707,0.5
33.4,-0.381057467,-0.381057467
33.5,-0.515112875,-0.5
33.6,0.987171958,0.5
33.7,-0.79838125,-0.5
33.8,0.179846174,0.179846174
33.9,0.479577324,0.479577324
34,-0.899405252,-0.5
34.1,0.994692406,0.5
34.2,-0.827715747,-0.5
34.3,0.518501669,0.5
34.4,-0.177002288,-0.177002288
34.5,-0.1261124,-0.1261124
34.6,0.35981443,0.35981443
34.7,-0.520058863,-0.5
34.8,0.615485417,0.5
34.9,-0.656609451,-0.5
35,0.649448048,0.5
35.1,-0.592882119,-0.5
35.2,0.479108608,0.479108608
35.3,-0.297311551,-0.297311551
35.4,0.041331582,0.041331582
35.5,0.278236807,0.278236807
35.6,-0.61943929,-0.5
35.7,0.898731299,0.5
35.8,-0.998336991,-0.5
35.9,0.806813914,0.5
36,-0.297041582,-0.297041582
36.1,-0.387872745,-0.387872745
36.2,0.917204771,0.5
36.3,-0.914848351,-0.5
36.4,0.263751838,0.263751838
36.5,0.631961674,0.5
36.6,-0.991940505,-0.5
36.7,0.359022882,0.359022882
36.8,0.697625417,0.5
36.9,-0.919751637,-0.5
37,-0.097235494,-0.097235494
37.1,0.989389804,0.5
37.2,-0.320467506,-0.320467506
37.3,-0.90309409,-0.5
37.4,0.478336309,0.478336309
37.5,0.881921264,0.5
37.6,-0.407960805,-0.407960805
37.7,-0.959155148,-0.5
37.8,0.090479622,0.090479622
37.9,0.985861244,0.5
38,0.470703932,0.470703932
38.1,-0.641313048,-0.5
38.2,-0.969174174,-0.5
38.3,-0.258141266,-0.258141266
38.4,0.671989478,0.5
38.5,0.994871886,0.5
38.6,0.562187307,0.5
38.7,-0.211055254,-0.211055254
38.8,-0.818943766,-0.5
38.9,-0.997342779,-0.5
39,-0.768506917,-0.5
39.1,-0.312570347,-0.312570347
39.2,0.177002288,0.177002288
39.3,0.573693665,0.5
39.4,0.831225179,0.5
39.5,0.960512509,0.5
39.6,0.999308292,0.5
39.7,0.989535361,0.5
39.8,0.965348853,0.5
39.9,0.949086249,0.5
40,0.951056516,0.5
40.1,0.970118975,0.5
40.2,0.993597121,0.5
40.3,0.996688957,0.5
40.4,0.94315771,0.5
40.5,0.790636145,0.5
40.6,0.504599954,0.5
40.7,0.083124762,0.083124762
40.8,-0.412544868,-0.412544868
40.9,-0.839564875,-0.5
41,-0.998219065,-0.5
41.1,-0.727267435,-0.5
41.2,-0.054761968,-0.054761968
41.3,0.694354481,0.5
41.4,0.996655667,0.5
41.5,0.515112875,0.5
41.6,-0.452422257,-0.452422257
41.7,-0.999610018,-0.5
41.8,-0.446247795,-0.446247795
41.9,0.671593871,0.5
42,0.910105971,0.5
42.1,-0.179938884,-0.179938884
42.2,-0.999996518,-0.5
42.3,-0.123119981,-0.123119981
42.4,0.983581551,0.5
42.5,0.17579628,0.17579628
42.6,-0.994043411,-0.5
42.7,0.021078526,0.021078526
42.8,0.977161434,0.5
42.9,-0.45284246,-0.45284246
43,-0.704881854,-0.5
43.1,0.920710676,0.5
43.2,-0.043214853,-0.043214853
43.3,-0.852459551,-0.5
43.4,0.900008618,0.5
43.5,-0.180433312,-0.180433312
43.6,-0.6397449,-0.5
43.7,0.997965104,0.5
43.8,-0.773627918,-0.5
43.9,0.195983797,0.195983797
44,0.414375581,0.414375581
44.1,-0.835479499,-0.5
44.2,0.996573014,0.5
44.3,-0.938202209,-0.5
44.4,0.747278733,0.5
44.5,-0.508365234,-0.5
44.6,0.281524287,0.281524287
44.7,-0.100080395,-0.100080395
44.8,-0.022115009,-0.022115009
44.9,0.081621923,0.081621923
45,-0.078459096,-0.078459096
45.1,0.012597453,0.012597453
45.2,0.115852528,0.115852528
45.3,-0.302765809,-0.302765809
45.4,0.532746304,0.5
45.5,-0.770012374,-0.5
45.6,0.951675909,0.5
45.7,-0.991508984,-0.5
45.8,0.804636866,0.5
45.9,-0.3587883,-0.3587883
46,-0.260841506,-0.260841506
46.1,0.817770189,0.5
46.2,-0.989774239,-0.5
46.3,0.571633308,0.5
46.4,0.270049291,0.270049291
46.5,-0.938462886,-0.5
46.6,0.793149298,0.5
46.7,0.153672263,0.153672263
46.8,-0.960083058,-0.5
46.9,0.611938479,0.5
47,0.56467895,0.5
47.1,-0.939176997,-0.5
47.2,-0.163133107,-0.163133107
47.3,0.999202918,0.5
47.4,-0.02123557,-0.02123557
47.5,-0.99980724,-0.5
47.6,-0.044721359,-0.044721359
47.7,0.985265555,0.5
47.8,0.353945005,0.353945005
47.9,-0.817082518,-0.5
48,-0.801566985,-0.5
48.1,0.259658505,0.259658505
48.2,0.984143642,0.5
48.3,0.630402168,0.5
48.4,-0.316655768,-0.316655768
48.5,-0.953217051,-0.5
48.6,-0.841012575,-0.5
48.7,-0.182163449,-0.182163449
48.8,0.539640948,0.5
48.9,0.952224317,0.5
49,0.950081019,0.5
49.1,0.635461211,0.5
49.2,0.185405931,0.185405931
49.3,-0.25018061,-0.25018061
49.4,-0.588699853,-0.5
49.5,-0.80947839,-0.5
49.6,-0.929961408,-0.5
49.7,-0.982340192,-0.5
49.8,-0.998034611,-0.5
49.9,-1,-0.5
50,-1,-0.5
50.1,-0.998028701,-0.5
50.2,-0.98231079,-0.5
50.3,-0.929880533,-0.5
50.4,-0.809312345,-0.5
50.5,-0.588420471,-0.5
50.6,-0.24978517,-0.24978517
50.7,0.185868979,0.185868979
50.8,0.635873494,0.5
50.9,0.950267085,0.5
51,0.952022627,0.5
51.1,0.539032483,0.5
51.2,-0.182935649,-0.182935649
51.3,-0.841471178,-0.5
51.4,-0.952941253,-0.5
51.5,-0.315731841,-0.315731841
51.6,0.631206607,0.5
51.7,0.983948015,0.5
51.8,0.25853581,0.25853581
51.9,-0.802298949,-0.5
52,-0.816339251,-0.5
52.1,0.355208118,0.355208118
52.2,0.985022781,0.5
52.3,-0.046196381,-0.046196381
52.4,-0.99983628,-0.5
52.5,-0.019633692,-0.019633692
52.6,0.999135066,0.5
52.7,-0.164837592,-0.164837592
52.8,-0.938560503,-0.5
52.9,0.566207725,0.5
53,0.610421688,0.5
53.1,-0.960634791,-0.5
53.2,0.155689721,0.155689721
53.3,0.79186562,0.5
53.4,-0.939209361,-0.5
53.5,0.272196277,0.272196277
53.6,0.569750081,0.5
53.7,-0.989435398,-0.5
53.8,0.819160053,0.5
53.9,-0.263236641,-0.263236641
54,-0.356411879,-0.356411879
54.1,0.803085871,0.5
54.2,-0.991158201,-0.5
54.3,0.952511726,0.5
54.4,-0.771793301,-0.5
54.5,0.535163496,0.5
54.6,-0.305549065,-0.305549065
54.7,0.118816424,0.118816424
54.8,0.009550296,0.009550296
54.9,-0.075358132,-0.075358132
55,0.078459096,0.078459096
55.1,-0.01887985,-0.01887985
55.2,-0.103361955,-0.103361955
55.3,0.284748235,0.284748235
55.4,-0.511311085,-0.5
55.5,0.749591445,0.5
55.6,-0.939424905,-0.5
55.7,0.996267665,0.5
55.8,-0.833454004,-0.5
55.9,0.410970266,0.410970266
56,0.199709981,0.199709981
56.1,-0.776070623,-0.5
56.2,0.997707015,0.5
56.3,-0.63667329,-0.5
56.4,-0.184417958,-0.184417958
56.5,0.901794816,0.5
56.6,-0.85026772,-0.5
56.7,-0.047451639,-0.047451639
56.8,0.922381754,0.5
56.9,-0.701777654,-0.5
57,-0.456787434,-0.456787434
57.1,0.976196932,0.5
57.2,0.025632588,0.025632588
57.3,-0.994536116,-0.5
57.4,0.171186297,0.171186297
57.5,0.984426568,0.5
57.6,-0.11834851,-0.11834851
57.7,-0.999997512,-0.5
57.8,-0.18478847,-0.18478847
57.9,0.908024764,0.5
58,0.675332808,0.5
58.1,-0.441659315,-0.441659315
58.2,-0.999741341,-0.5
58.3,-0.457094822,-0.457094822
58.4,0.510554924,0.5
58.5,0.9962023,0.5
58.6,0.698255381,0.5
58.7,-0.049271631,-0.049271631
58.8,-0.723439657,-0.5
58.9,-0.997867818,-0.5
59,-0.842640412,-0.5
59.1,-0.417775104,-0.417775104
59.2,0.077331559,0.077331559
59.3,0.499519266,0.499519266
59.4,0.786986712,0.5
59.5,0.941146523,0.5
59.6,0.996177642,0.5
59.7,0.994270607,0.5
59.8,0.971602006,0.5
59.9,0.952969821,0.5
60,0.951056516,0.5
60.1,0.966993483,0.5
60.2,0.990444103,0.5
60.3,0.999045326,0.5
60.4,0.958664934,0.5
60.5,0.827521778,0.5
60.6,0.56819998,0.5
60.7,0.170350526,0.170350526
60.8,-0.319038708,-0.319038708
60.9,-0.772890859,-0.5
61,-0.997824541,-0.5
61.1,-0.814903284,-0.5
61.2,-0.204140682,-0.204140682
61.3,0.568070713,0.5
61.4,0.995573783,0.5
61.5,0.666597523,0.5
61.6,-0.265206106,-0.265206106
61.7,-0.97096668,-0.5
61.8,-0.635582489,-0.5
61.9,0.477315203,0.477315203
62,0.984564335,0.5
62.1,0.082874302,0.082874302
62.2,-0.961304019,-0.5
62.3,-0.400863962,-0.400863962
62.4,0.885581775,0.5
62.5,0.471396737,0.471396737
62.6,-0.906478838,-0.5
62.7,-0.31286875,-0.31286875
62.8,0.990530562,0.5
62.9,-0.105330354,-0.105330354
63,-0.916502422,-0.5
63.1,0.703521231,0.5
63.2,0.351240362,0.351240362
63.3,-0.990842818,-0.5
63.4,0.638488461,0.5
63.5,0.255530128,0.255530128
63.6,-0.911351557,-0.5
63.7,0.920612567,0.5
63.8,-0.395878899,-0.395878899
63.9,-0.288660849,-0.288660849
64,0.801566985,0.5
64.1,-0.997785013,-0.5
64.2,0.902621348,0.5
64.3,-0.626492268,-0.5
64.4,0.286945907,0.286945907
64.5,0.03219576,0.03219576
64.6,-0.288510453,-0.288510453
64.7,0.470953375,0.470953375
64.8,-0.585342645,-0.5
64.9,0.642276733,0.5
65,-0.649448048,-0.5
65.1,0.607955241,0.5
65.2,-0.511850959,-0.5
65.3,0.350799109,0.350799109
65.4,-0.116476593,-0.116476593
65.5,-0.18660977,-0.18660977
65.6,0.526884593,0.5
65.7,-0.833228253,-0.5
65.8,0.995667762,0.5
65.9,-0.894979525,-0.5
66,0.470703932,0.470703932
66.1,0.189818633,0.189818633
66.2,-0.80448761,-0.5
66.3,0.985479702,0.5
66.4,-0.506226439,-0.5
66.5,-0.390650798,-0.390650798
66.6,0.984805328,0.5
66.7,-0.634733211,-0.5
66.8,-0.419401382,-0.419401382
66.9,0.998978314,0.5
67,-0.275972883,-0.275972883
67.1,-0.85686332,-0.5
67.2,0.674962008,0.5
67.3,0.639141056,0.5
67.4,-0.814083085,-0.5
67.5,-0.57178796,-0.5
67.6,0.789692667,0.5
67.7,0.699760599,0.5
67.8,-0.579724958,-0.5
67.9,-0.929301551,-0.5
68,0.075326806,0.075326806
68.1,0.958171858,0.5
68.2,0.658384741,0.5
68.3,-0.353151556,-0.353151556
68.4,-0.981429509,-0.5
68.5,-0.724111678,-0.5
68.6,0.081465366,0.081465366
68.7,0.789557731,0.5
68.8,0.994486812,0.5
68.9,0.690910171,0.5
69,0.1222158,0.1222158
69.1,-0.439403057,-0.439403057
69.2,-0.824671494,-0.5
69.3,-0.988881828,-0.5
69.4,-0.971363638,-0.5
69.5,-0.843906828,-0.5
69.6,-0.674962008,-0.5
69.7,-0.514197053,-0.5
69.8,-0.391258024,-0.391258024
69.9,-0.320913856,-0.320913856
70,-0.309016994,-0.309016994
70.1,-0.356382526,-0.356382526
70.2,-0.45946825,-0.45946825
70.3,-0.607705778,-0.5
70.4,-0.778146691,-0.5
70.5,-0.929487075,-0.5
70.6,-0.999906193,-0.5
70.7,-0.915860314,-0.5
70.8,-0.61943929,-0.5
70.9,-0.11538445,-0.11538445
71,0.478998303,0.478998303
71.1,0.923626862,0.5
71.2,0.940283374,0.5
71.3,0.407760016,0.407760016
71.4,-0.431569408,-0.431569408
71.5,-0.980938201,-0.5
71.6,-0.699423879,-0.5
71.7,0.276305021,0.276305021
71.8,0.984979415,0.5
71.9,0.534791905,0.5
72,-0.627691361,-0.5
72.1,-0.915759378,-0.5
72.2,0.209427425,0.209427425
72.3,0.997455984,0.5
72.4,0.005529175,0.005529175
72.5,-0.99980724,-0.5
72.6,0.02902424,0.02902424
72.7,0.990151617,0.5
72.8,-0.309495008,-0.309495008
72.9,-0.851670228,-0.5
73,0.752184937,0.5
73.1,0.349386577,0.349386577
73.2,-0.997664293,-0.5
73.3,0.528138991,0.5
73.4,0.44714723,0.44714723
73.5,-0.988769427,-0.5
73.6,0.735473011,0.5
73.7,0.005309267,0.005309267
73.8,-0.699154391,-0.5
73.9,0.995912507,0.5
74,-0.850994482,-0.5
74.1,0.423475411,0.423475411
74.2,0.080463357,0.080463357
74.3,-0.510365821,-0.5
74.4,0.800363206,0.5
74.5,-0.951298924,-0.5
74.6,0.998913427,0.5
74.7,-0.98764407,-0.5
74.8,0.955756057,0.5
74.9,-0.92976492,-0.5
75,0.923879533,0.5
75.1,-0.940870127,-0.5
75.2,0.972340577,0.5
75.3,-0.998008935,-0.5
75.4,0.985195623,0.5
75.5,-0.891362813,-0.5
75.6,0.673848586,0.5
75.7,-0.310480665,-0.310480665
75.8,-0.169948074,-0.169948074
75.9,0.659400926,0.5
76,-0.971631733,-0.5
76.1,0.906439038,0.5
76.2,-0.386859035,-0.386859035
76.3,-0.392269689,-0.392269689
76.4,0.953964347,0.5
76.5,-0.813151558,-0.5
76.6,-0.039071465,-0.039071465
76.7,0.886847986,0.5
76.8,-0.80575466,-0.5
76.9,-0.237689283,-0.237689283
77,0.995852701,0.5
77.1,-0.351740355,-0.351740355
77.2,-0.844597155,-0.5
77.3,0.650140556,0.5
77.4,0.705416472,0.5
77.5,-0.720853597,-0.5
77.6,-0.725172504,-0.5
77.7,0.606157767,0.5
77.8,0.886920555,0.5
77.9,-0.243848604,-0.243848604
78,-0.998736957,-0.5
78.1,-0.398272045,-0.398272045
78.2,0.673569991,0.5
78.3,0.967884035,0.5
78.4,0.289352582,0.289352582
78.5,-0.618476972,-0.5
78.6,-0.999979463,-0.5
78.7,-0.676050747,-0.5
78.8,0.029652288,0.029652288
78.9,0.673500327,0.5
79,0.982871078,0.5
79.1,0.921688562,0.5
79.2,0.606332658,0.5
79.3,0.192038968,0.192038968
79.4,-0.200818043,-0.200818043
79.5,-0.509717284,-0.5
79.6,-0.720657602,-0.5
79.7,-0.847827901,-0.5
79.8,-0.915291796,-0.5
79.9,-0.945073344,-0.5
80,-0.951056516,-0.5
80.1,-0.936560899,-0.5
80.2,-0.893897763,-0.5
80.3,-0.80547548,-0.5
80.4,-0.647439125,-0.5
80.5,-0.397868571,-0.397868571
80.6,-0.051373831,-0.051373831
80.7,0.360840126,0.360840126
80.8,0.752929713,0.5
80.9,0.985211776,0.5
81,0.90616021,0.5
81.1,0.44616345,0.44616345
81.2,-0.268597047,-0.268597047
81.3,-0.876775441,-0.5
81.4,-0.93650583,-0.5
81.5,-0.285771996,-0.285771996
81.6,0.640903175,0.5
81.7,0.985049853,0.5
81.8,0.282729876,0.282729876
81.9,-0.775277517,-0.5
82,-0.850994482,-0.5
82.1,0.277753966,0.277753966
82.2,0.997354211,0.5
82.3,0.073102426,0.073102426
82.4,-0.987806009,-0.5
82.5,-0.17579628,-0.17579628
82.6,0.990990681,0.5
82.7,0.029181253,0.029181253
82.8,-0.99039204,-0.5
82.9,0.36107451,0.36107451
83,0.788225612,0.5
83.1,-0.851637298,-0.5
83.2,-0.13231175,-0.13231175
83.3,0.939693815,0.5
83.4,-0.779329216,-0.5
83.5,-0.069843527,-0.069843527
83.6,0.825239693,0.5
83.7,-0.971861597,-0.5
83.8,0.529338932,0.5
83.9,0.153982683,0.153982683
84,-0.720309025,-0.5
84.1,0.983903133,0.5
84.2,-0.941263271,-0.5
84.3,0.692543655,0.5
84.4,-0.358289737,-0.358289737
84.5,0.030625739,0.030625739
84.6,0.240038285,0.240038285
84.7,-0.43737005,-0.43737005
84.8,0.564782657,0.5
84.9,-0.632594493,-0.5
85,0.649448048,0.5
85.1,-0.617884315,-0.5
85.2,0.533277929,0.5
85.3,-0.385844856,-0.385844856
85.4,0.166231805,0.166231805
85.5,0.12455399,0.12455399
85.6,-0.461364635,-0.461364635
85.7,0.781431177,0.5
85.8,-0.981308789,-0.5
85.9,0.939607827,0.5
86,-0.577572703,-0.5
86.1,-0.052722884,-0.052722884
86.2,0.706128672,0.5
86.3,-0.999973668,-0.5
86.4,0.649352488,0.5
86.5,0.2112395,0.2112395
86.6,-0.930284456,-0.5
86.7,0.784129076,0.5
86.8,0.205124718,0.205124718
86.9,-0.981326922,-0.5
87,0.506334807,0.5
87.1,0.692724934,0.5
87.2,-0.850730393,-0.5
87.3,-0.393425297,-0.393425297
87.4,0.949845504,0.5
87.5,0.290284677,0.290284677
87.6,-0.944816339,-0.5
87.7,-0.422108854,-0.422108854
87.8,0.825026716,0.5
87.9,0.736642641,0.5
88,-0.437115767,-0.437115767
88.1,-0.995073235,-0.5
88.2,-0.311286864,-0.311286864
88.3,0.700164458,0.5
88.4,0.972691683,0.5
88.5,0.361543208,0.361543208
88.6,-0.508933248,-0.5
88.7,-0.980901556,-0.5
88.8,-0.835047648,-0.5
88.9,-0.26929299,-0.26929299
89,0.37104371,0.37104371
89.1,0.824973453,0.5
89.2,0.997308338,0.5
89.3,0.924491486,0.5
89.4,0.701844793,0.5
89.5,0.425068511,0.425068511
89.6,0.162141182,0.162141182
89.7,-0.050526702,-0.050526702
89.8,-0.199833111,-0.199833111
89.9,-0.285049375,-0.285049375
90,-0.309016994,-0.309016994
90.1,-0.272982158,-0.272982158
90.2,-0.175146782,-0.175146782
90.3,-0.01284876,-0.01284876
90.4,0.211515855,0.211515855
90.5,0.481065276,0.481065276
90.6,0.753508318,0.5
90.7,0.954406154,0.5
90.8,0.984914249,0.5
90.9,0.755919744,0.5
91,0.251731549,0.251731549
91.1,-0.399424402,-0.399424402
91.2,-0.908222073,-0.5
91.3,-0.936208059,-0.5
91.4,-0.350416627,-0.350416627
91.5,0.529845256,0.5
91.6,0.999449753,0.5
91.7,0.53287923,0.5
91.8,-0.516485505,-0.5
91.9,-0.990291859,-0.5
92,-0.199709981,-0.199709981
92.1,0.887543749,0.5
92.2,0.639455104,0.5
92.3,-0.662983365,-0.5
92.4,-0.804860653,-0.5
92.5,0.57178796,0.5
92.6,0.799231725,0.5
92.7,-0.676976172,-0.5
92.8,-0.617464303,-0.5
92.9,0.904277876,0.5
93,0.153330784,0.153330784
93.1,-0.98085264,-0.5
93.2,0.571813734,0.5
93.3,0.467624379,0.467624379
93.4,-0.99866655,-0.5
93.5,0.607306512,0.5
93.6,0.25160993,0.25160993
93.7,-0.890563963,-0.5
93.8,0.952559545,0.5
93.9,-0.516566207,-0.5
94,-0.112856385,-0.112856385
94.1,0.648994044,0.5
94.2,-0.944692769,-0.5
94.3,0.991103929,0.5
94.4,-0.858559264,-0.5
94.5,0.636818634,0.5
94.6,-0.399568402,-0.399568402
94.7,0.193272064,0.193272064
94.8,-0.040703793,-0.040703793
94.9,-0.050275694,-0.050275694
95,0.078459096,0.078459096
95.1,-0.043999504,-0.043999504
95.2,-0.053256205,-0.053256205
95.3,0.211730785,0.211730785
95.4,-0.422479058,-0.422479058
95.5,0.660722526,0.5
95.6,-0.877273531,-0.5
95.7,0.995997193,0.5
95.8,-0.927021622,-0.5
95.9,0.604957727,0.5
96,-0.050244318,-0.050244318
96.1,-0.574465365,-0.5
96.2,0.972779114,0.5
96.3,-0.850482614,-0.5
96.4,0.165612196,0.165612196
96.5,0.679377272,0.5
96.6,-0.988443143,-0.5
96.7,0.370722782,0.370722782
96.8,0.660746107,0.5
96.9,-0.950677188,-0.5
97,0.028270567,0.028270567
97.1,0.952588226,0.5
97.2,-0.503188883,-0.5
97.3,-0.7759121,-0.5
97.4,0.699872805,0.5
97.5,0.693087363,0.5
97.6,-0.697625417,-0.5
97.7,-0.779860449,-0.5
97.8,0.495021984,0.495021984
97.9,0.956336388,0.5
98,-0.01256604,-0.01256604
98.1,-0.944661856,-0.5
98.2,-0.677091776,-0.5
98.3,0.347266289,0.347266289
98.4,0.983762477,0.5
98.5,0.702090914,0.5
98.6,-0.131439787,-0.131439787
98.7,-0.830053168,-0.5
98.8,-0.981429509,-0.5
98.9,-0.609898995,-0.5
99,0.003141587,0.003141587
99.1,0.564186219,0.5
99.2,0.905681303,0.5
99.3,0.999457023,0.5
99.4,0.904344929,0.5
99.5,0.706551203,0.5
99.6,0.481313133,0.481313133
99.7,0.278719578,0.278719578
99.8,0.12520856,0.12520856
99.9,0.031379359,0.031379359
100,-8.20862E-13,-8.20862E-13