time,desired_output,sensed_output,plant_command
0,0,0,0
0.05,0.03148141,0.003219342,0.021337888
0.1,0.063072702,0.006594155,0.042924002
0.15,0.094741643,0.010124395,0.064733587
0.2,0.126455208,0.013810002,0.086740975
0.25,0.158179609,0.017650907,0.108919602
0.3,0.189880322,0.021647024,0.131242023
0.35,0.221522117,0.025798253,0.153679929
0.4,0.253069094,0.030104475,0.176204162
0.45,0.284484715,0.034565555,0.198784741
0.5,0.315731841,0.039181336,0.221390884
0.55,0.346772772,0.043951641,0.24399103
0.6,0.377569291,0.048876267,0.26655287
0.65,0.408082703,0.053954988,0.289043374
0.7,0.438273885,0.059187551,0.311428823
0.75,0.468103332,0.064573673,0.333674843
0.8,0.497531208,0.070113042,0.355746443
0.85,0.526517398,0.075805312,0.377608048
0.9,0.555021563,0.081650103,0.399223543
0.95,0.583003198,0.087646998,0.420556316
1,0.610421688,0.093795544,0.4415693
1.05,0.637236371,0.100095243,0.462225022
1.1,0.663406601,0.106545557,0.482485651
1.15,0.688891811,0.113145901,0.502313048
1.2,0.71365158,0.119895645,0.521668824
1.25,0.737645704,0.126794107,0.540514388
1.3,0.760834263,0.133840552,0.558811012
1.35,0.783177694,0.141034194,0.576519884
1.4,0.804636866,0.148374186,0.593602175
1.45,0.82517315,0.155859624,0.610019098
1.5,0.844748502,0.16348954,0.625731976
1.55,0.863325537,0.171262903,0.640702305
1.6,0.880867606,0.179178613,0.654891829
1.65,0.89733888,0.187235502,0.668262605
1.7,0.912704425,0.195432326,0.680777076
1.75,0.92693029,0.20376777,0.692398145
1.8,0.939983586,0.212240437,0.703089249
1.85,0.951832564,0.220848851,0.712814437
1.9,0.962446708,0.229591452,0.721538444
1.95,0.971796809,0.238466591,0.729226768
2,0.979855052,0.247472534,0.735845754
2.05,0.986595099,0.25660745,0.741362669
2.1,0.99199217,0.265869415,0.745745785
2.15,0.996023125,0.275256408,0.748964456
2.2,0.99866655,0.284766305,0.750989203
2.25,0.999902828,0.294396877,0.751791795
2.3,0.999714229,0.30414579,0.751345324
2.35,0.998084978,0.314010601,0.749624295
2.4,0.995001339,0.32398875,0.746604699
2.45,0.990451683,0.334077566,0.742264096
2.5,0.984426568,0.344274257,0.736581696
2.55,0.976918801,0.354575908,0.729538433
2.6,0.967923512,0.364979482,0.721117044
2.65,0.957438216,0.375481814,0.711302148
2.7,0.945462876,0.386079608,0.700080315
2.75,0.931999962,0.396769435,0.687440141
2.8,0.917054507,0.407547732,0.673372318
2.85,0.900634157,0.418410796,0.657869702
2.9,0.882749224,0.429354783,0.640927382
2.95,0.863412721,0.440375704,0.622542736
3,0.842640412,0.451469427,0.6027155
3.05,0.820450839,0.462631667,0.581447818
3.1,0.796865357,0.473857992,0.558744299
3.15,0.771908154,0.485143812,0.53461207
3.2,0.745606277,0.496484384,0.509060815
3.25,0.717989642,0.507874805,0.482102827
3.3,0.689091042,0.519310014,0.453753037
3.35,0.658946155,0.530784786,0.424029057
3.4,0.627593532,0.542293731,0.392951201
3.45,0.595074595,0.553831296,0.360542514
3.5,0.561433617,0.565391756,0.326828791
3.55,0.526717698,0.576969222,0.29183859
3.6,0.490976739,0.588557631,0.255603239
3.65,0.454263398,0.600150749,0.218156841
3.7,0.416633056,0.611742169,0.179536271
3.75,0.378143757,0.623325311,0.139781166
3.8,0.338856152,0.634893419,0.098933908
3.85,0.298833435,0.646439564,0.057039607
3.9,0.258141266,0.657956639,0.014146066
3.95,0.216847693,0.669437362,-0.029696245
4,0.175023059,0.680874277,-0.074434242
4.05,0.132739909,0.692259751,-0.120012262
4.1,0.090072883,0.703585975,-0.166372131
4.15,0.047098605,0.714844966,-0.213453219
4.2,0.003895565,0.726028569,-0.26119251
4.25,-0.039456013,0.737128454,-0.309524682
4.3,-0.082874302,0.748136123,-0.358382187
4.35,-0.126276015,0.759042905,-0.407695345
4.4,-0.169576555,0.769839965,-0.45739244
4.45,-0.212690173,0.7805183,-0.507399828
4.5,-0.255530128,0.791068747,-0.557642044
4.55,-0.298008863,0.80148198,-0.608041929
4.6,-0.340038176,0.81174852,-0.658520747
4.65,-0.381529409,0.821858731,-0.708998327
4.7,-0.422393632,0.831802829,-0.759393197
4.75,-0.462541843,0.841570886,-0.809622732
4.8,-0.501885164,0.851152832,-0.859603306
4.85,-0.540335049,0.86053846,-0.909250451
4.9,-0.577803495,0.869717433,-0.958479021
4.95,-0.614203253,0.878679289,-1.007203365
5,-0.649448048,0.887413447,-1.055337495
5.05,-0.683452803,0.895909211,-1.102795277
5.1,-0.716133856,0.904155782,-1.149490606
5.15,-0.747409195,0.912142258,-1.195337602
5.2,-0.777198681,0.919857649,-1.240250803
5.25,-0.805424277,0.927290878,-1.284145358
5.3,-0.832010284,0.934430797,-1.326937233
5.35,-0.856883564,0.941266188,-1.368543409
5.4,-0.879973774,0.947785777,-1.40888209
5.45,-0.901213593,0.953978244,-1.44787291
5.5,-0.920538948,0.95983223,-1.485437141
5.55,-0.937889237,0.965336349,-1.5214979
5.6,-0.953207554,0.970479202,-1.555980363
5.65,-0.966440897,0.975249384,-1.588811969
5.7,-0.977540389,0.979635498,-1.619922628
5.75,-0.986461476,0.983626168,-1.649244932
5.8,-0.993164132,0.987210051,-1.676714354
5.85,-0.997613049,0.99037585,-1.702269453
5.9,-0.999777823,0.993112329,-1.725852067
5.95,-0.999633132,0.995408327,-1.747407511
6,-0.9971589,0.997252771,-1.766884767
6.05,-0.992340457,0.998634695,-1.78423666
6.1,-0.985168682,0.999543252,-1.799420044
6.15,-0.975640142,0.999967729,-1.812395968
6.2,-0.963757211,0.999897569,-1.823129839
6.25,-0.949528181,0.999322385,-1.83159158
6.3,-0.932967357,0.998231973,-1.837755772
6.35,-0.91409514,0.996616339,-1.841601795
6.4,-0.89293809,0.994465708,-1.843113951
6.45,-0.86952898,0.991770549,-1.842281584
6.5,-0.843906828,0.98852159,-1.839099181
6.55,-0.816116914,0.984709841,-1.833566467
6.6,-0.786210783,0.980326608,-1.825688483
6.65,-0.754246224,0.975363521,-1.815475658
6.7,-0.720287233,0.969812545,-1.802943855
6.75,-0.68440396,0.963666009,-1.788114417
6.8,-0.646672634,0.956916622,-1.771014188
6.85,-0.607175469,0.949557494,-1.751675523
6.9,-0.566000548,0.941582161,-1.730136283
6.95,-0.523241691,0.932984601,-1.706439813
7,-0.478998303,0.923759263,-1.680634904
7.05,-0.433375195,0.913901082,-1.652775737
7.1,-0.386482394,0.903405503,-1.622921813
7.15,-0.338434927,0.892268504,-1.591137865
7.2,-0.289352582,0.880486621,-1.557493752
7.25,-0.239359659,0.868056962,-1.522064337
7.3,-0.188584693,0.854977236,-1.484929346
7.35,-0.137160159,0.841245774,-1.446173212
7.4,-0.085222159,0.826861548,-1.405884901
7.45,-0.032910093,0.811824195,-1.364157719
7.5,0.019633692,0.796134038,-1.321089107
7.55,0.072264273,0.779792109,-1.276780414
7.6,0.124834527,0.762800165,-1.231336657
7.65,0.177195534,0.745160715,-1.184866265
7.7,0.229196993,0.726877037,-1.137480805
7.75,0.280687649,0.707953198,-1.0892947
7.8,0.33151573,0.688394074,-1.040424921
7.85,0.381529409,0.668205369,-0.990990679
7.9,0.430577259,0.647393633,-0.941113095
7.95,0.478508729,0.62596628,-0.890914858
8,0.52517463,0.603931603,-0.840519878
8.05,0.570427615,0.581298796,-0.790052926
8.1,0.614122676,0.558077963,-0.739639259
8.15,0.656117643,0.534280133,-0.689404247
8.2,0.696273678,0.509917281,-0.639472982
8.25,0.734455777,0.485002329,-0.589969894
8.3,0.770533268,0.459549169,-0.541018349
8.35,0.804380301,0.433572664,-0.492740252
8.4,0.835876347,0.407088665,-0.445255645
8.45,0.864906671,0.380114012,-0.398682307
8.5,0.891362813,0.352666546,-0.353135351
8.55,0.915143048,0.324765112,-0.308726823
8.6,0.936152843,0.296429562,-0.265565312
8.65,0.954305286,0.267680759,-0.223755555
8.7,0.969521512,0.238540576,-0.183398057
8.75,0.981731108,0.209031897,-0.144588712
8.8,0.990872486,0.179178613,-0.107418444
8.85,0.996893255,0.149005617,-0.071972846
8.9,0.999750546,0.118538799,-0.038331847
8.95,0.999411331,0.087805037,-0.006569382
9,0.995852701,0.056832189,0.02324692
9.05,0.989062122,0.025649076,0.051056022
9.1,0.979037652,-0.005714526,0.076803753
9.15,0.96578814,-0.037227908,0.100443066
9.2,0.949333369,-0.068859442,0.121934258
9.25,0.929704187,-0.100576607,0.141245184
9.3,0.906942579,-0.132346004,0.158351433
9.35,0.881101719,-0.164133389,0.173236485
9.4,0.852245967,-0.195903699,0.185891838
9.45,0.820450839,-0.227621078,0.196317107
9.5,0.785802924,-0.259248913,0.204520092
9.55,0.748399764,-0.29074987,0.210516819
9.6,0.708349693,-0.322085928,0.214331544
9.65,0.66577163,-0.353218422,0.215996732
9.7,0.620794824,-0.384108081,0.215552994
9.75,0.573558565,-0.41471508,0.213049003
9.8,0.524211842,-0.444999081,0.208541361
9.85,0.472912963,-0.474919288,0.202094446
9.9,0.419829126,-0.504434494,0.193780219
9.95,0.365135958,-0.533503142,0.183677992
10,0.309016994,-0.562083378,0.171874173
10.05,0.251663138,-0.590133115,0.158461969
10.1,0.193272064,-0.617610092,0.143541057
10.15,0.134047586,-0.644471942,0.127217227
10.2,0.074198997,-0.670676255,0.109601986
10.25,0.013940366,-0.696180655,0.09081214
10.3,-0.046510202,-0.720942864,0.070969337
10.35,-0.106931327,-0.74492078,0.050199589
10.4,-0.167099148,-0.768072554,0.028632762
10.45,-0.226788148,-0.790356666,0.006402046
10.5,-0.285771996,-0.811732007,-0.016356605
10.55,-0.343824412,-0.83215796,-0.039505054
10.6,-0.40072005,-0.851594483,-0.062903573
10.65,-0.456235396,-0.870002199,-0.086411465
10.7,-0.510149675,-0.887342475,-0.109887695
10.75,-0.562245764,-0.903577519,-0.133191531
10.8,-0.612311117,-0.918670462,-0.156183201
10.85,-0.660138678,-0.932585454,-0.178724556
10.9,-0.7055278,-0.945287753,-0.200679734
10.95,-0.748285152,-0.956743818,-0.221915831
11,-0.788225612,-0.966921401,-0.242303565
11.05,-0.82517315,-0.975789642,-0.261717943
11.1,-0.858961684,-0.983319158,-0.280038912
11.15,-0.889435918,-0.989482144,-0.297152008
11.2,-0.916452146,-0.994252459,-0.31294898
11.25,-0.939879024,-0.997605722,-0.327328412
11.3,-0.959598313,-0.999519403,-0.340196309
11.35,-0.975505566,-0.999972916,-0.351466666
11.4,-0.987510786,-0.998947706,-0.361062015
11.45,-0.995539022,-0.99642734,-0.368913931
11.5,-0.999530922,-0.992397593,-0.374963513
11.55,-0.999443221,-0.986846534,-0.379161824
11.6,-0.995249175,-0.979764605,-0.381470292
11.65,-0.986938931,-0.971144708,-0.381861072
11.7,-0.974519827,-0.960982275,-0.380317355
11.75,-0.958016622,-0.949275349,-0.37683364
11.8,-0.937471663,-0.936024651,-0.371415944
11.85,-0.912944964,-0.921233652,-0.364081965
11.9,-0.884514218,-0.904908631,-0.354861195
11.95,-0.852274727,-0.887058739,-0.343794963
12,-0.816339251,-0.867696054,-0.330936435
12.05,-0.776837775,-0.846835629,-0.316350542
12.1,-0.733917201,-0.824495539,-0.300113851
12.15,-0.687740944,-0.800696921,-0.282314381
12.2,-0.638488461,-0.775464007,-0.263051341
12.25,-0.586354684,-0.748824155,-0.242434821
12.3,-0.531549379,-0.72080787,-0.220585411
12.35,-0.474296422,-0.691448817,-0.19763376
12.4,-0.414832998,-0.660783836,-0.173720073
12.45,-0.35340872,-0.628852938,-0.148993545
12.5,-0.290284677,-0.595699304,-0.12361174
12.55,-0.225732406,-0.561369272,-0.09773991
12.6,-0.160032799,-0.525912312,-0.071550253
12.65,-0.093474945,-0.489381006,-0.045221127
12.7,-0.02635491,-0.451831003,-0.018936203
12.75,0.041025537,-0.41332098,0.007116422
12.8,0.108360254,-0.373912587,0.032745159
12.85,0.175340093,-0.333670385,0.057755904
12.9,0.241654316,-0.292661775,0.081953049
12.95,0.30699204,-0.25095692,0.105140528
13,0.37104371,-0.208628655,0.127122885
13.05,0.433502597,-0.165752388,0.147706373
13.1,0.494066301,-0.122405998,0.166700065
13.15,0.552438273,-0.078669715,0.183916979
13.2,0.608329324,-0.034625994,0.199175208
13.25,0.661459137,0.009640613,0.212299052
13.3,0.711557751,0.054043609,0.223120148
13.35,0.758367035,0.098494697,0.231478581
13.4,0.801642113,0.142903944,0.237223983
13.45,0.841152768,0.187179953,0.240216606
13.5,0.876684778,0.231230037,0.240328364
13.55,0.908041214,0.274960412,0.237443842
13.6,0.935043662,0.318276386,0.231461253
13.65,0.957533376,0.361082566,0.222293352
13.7,0.975372356,0.403283068,0.209868294
13.75,0.988444334,0.444781734,0.194130428
13.8,0.996655667,0.485482358,0.175041017
13.85,0.999936134,0.525288916,0.152578896
13.9,0.998239621,0.564105807,0.126741041
13.95,0.991544693,0.601838092,0.097543055
14,0.979855052,0.638391742,0.065019566
14.05,0.963199871,0.673673895,0.029224527
14.1,0.941633993,0.707593109,-0.009768575
14.15,0.915238008,0.740059626,-0.051866624
14.2,0.88411819,0.770985627,-0.096956876
14.25,0.848406295,0.800285508,-0.144907074
14.3,0.808259225,0.827876136,-0.195565672
14.35,0.763858548,0.853677124,-0.248762169
14.4,0.715409875,0.877611092,-0.304307564
14.45,0.663142103,0.899603935,-0.361994919
14.5,0.607306512,0.919585089,-0.421600034
14.55,0.548175727,0.937487791,-0.482882246
14.6,0.486042549,0.953249334,-0.545585328
14.65,0.421218652,0.966811328,-0.609438505
14.7,0.35403315,0.978119941,-0.674157576
14.75,0.284831052,0.987126148,-0.739446132
14.8,0.213971594,0.99378596,-0.804996891
14.85,0.14182647,0.998060659,-0.870493104
14.9,0.068777955,0.999917007,-0.935610068
14.95,-0.004783057,0.999327463,-1.000016717
15,-0.078459096,0.996270376,-1.063377281
15.05,-0.15184824,0.990730174,-1.125353023
15.1,-0.224546293,0.98269753,-1.185604029
15.15,-0.296149013,0.972169531,-1.243791055
15.2,-0.366254383,0.959149816,-1.299577411
15.25,-0.434464907,0.943648706,-1.352630878
15.3,-0.500389916,0.925683317,-1.40262565
15.35,-0.563647876,0.905277659,-1.449244282
15.4,-0.623868685,0.882462704,-1.492179643
15.45,-0.680695937,0.857276454,-1.531136855
15.5,-0.733789154,0.829763973,-1.565835211
15.55,-0.782825951,0.799977408,-1.596010056
15.6,-0.82750414,0.767975981,-1.621414624
15.65,-0.867543751,0.73382597,-1.641821817
15.7,-0.902688949,0.697600658,-1.657025908
15.75,-0.93270985,0.65938026,-1.666844175
15.8,-0.957404205,0.619251834,-1.671118422
15.85,-0.976598951,0.57730916,-1.669716417
15.9,-0.990151617,0.533652598,-1.662533194
15.95,-0.99795156,0.488388922,-1.649492241
16,-0.999921044,0.441631129,-1.630546549
16.05,-0.996016125,0.393498224,-1.605679509
16.1,-0.986227352,0.344114976,-1.574905658
16.15,-0.970580271,0.293611658,-1.538271263
16.2,-0.94913572,0.242123754,-1.495854729
16.25,-0.921989916,0.189791643,-1.447766835
16.3,-0.889274324,0.136760268,-1.394150778
16.35,-0.851155306,0.083178767,-1.335182039
16.4,-0.807833548,0.029200094,-1.27106805
16.45,-0.759543269,-0.025019389,-1.20204767
16.5,-0.706551203,-0.079320341,-1.128390464
16.55,-0.649155362,-0.133540888,-1.050395785
16.6,-0.587683584,-0.187517094,-0.968391664
16.65,-0.522491868,-0.241083445,-0.882733503
16.7,-0.453962508,-0.294073355,-0.793802584
16.75,-0.382502022,-0.346319684,-0.702004388
16.8,-0.308538902,-0.397655275,-0.607766736
16.85,-0.232521185,-0.447913502,-0.511537766
16.9,-0.154913852,-0.496928827,-0.413783737
16.95,-0.076196092,-0.544537373,-0.314986686
17,0.003141587,-0.590577499,-0.215641943
17.05,0.082600355,-0.634890385,-0.116255518
17.1,0.161676161,-0.67732062,-0.017341364
17.15,0.239862921,-0.717716794,0.08058145
17.2,0.316655768,-0.755932084,0.176991662
17.25,0.391554346,-0.791824849,0.271368804
17.3,0.464066125,-0.82525921,0.363196248
17.35,0.533709719,-0.856105626,0.451964275
17.4,0.600018184,-0.884241467,0.537173177
17.45,0.662542268,-0.909551569,0.618336338
17.5,0.720853597,-0.931928775,0.694983308
17.55,0.774547772,-0.951274468,0.766662823
17.6,0.823247353,-0.96749907,0.832945766
17.65,0.866604707,-0.980522538,0.893428051
17.7,0.9043047,-0.99027482,0.947733392
17.75,0.936067212,-0.996696297,0.995515961
17.8,0.961649451,-0.999738187,1.036462898
17.85,0.980848051,-0.999362925,1.070296655
17.9,0.993500929,-0.995544504,1.096777172
17.95,0.999488889,-0.988268786,1.115703848
18,0.998736957,-0.977533768,1.126917294
18.05,0.991215425,-0.963349816,1.130300868
18.1,0.976940606,-0.94573985,1.125781956
18.15,0.955975272,-0.92473949,1.113333
18.2,0.928428778,-0.90039715,1.092972258
18.25,0.894456859,-0.872774093,1.064764283
18.3,0.854261101,-0.841944432,1.028820118
18.35,0.808088079,-0.807995077,0.985297193
18.4,0.756228163,-0.77102564,0.934398926
18.45,0.699013994,-0.73114828,0.876374028
18.5,0.636818634,-0.688487496,0.811515492
18.55,0.570053406,-0.643179868,0.7401593
18.6,0.49916542,-0.595373743,0.662682815
18.65,0.424634806,-0.545228867,0.579502894
18.7,0.346971664,-0.49291596,0.491073712
18.75,0.266712757,-0.438616239,0.397884309
18.8,0.184417958,-0.382520889,0.300455882
18.85,0.100666469,-0.32483048,0.199338821
18.9,0.016052849,-0.26575433,0.095109518
18.95,-0.068817132,-0.205509819,-0.01163304
19,-0.153330784,-0.14432166,-0.120270873
19.05,-0.236872907,-0.082421112,-0.23017078
19.1,-0.318830281,-0.02004516,-0.340688268
19.15,-0.398596209,0.042564357,-0.451171592
19.2,-0.475575079,0.10516165,-0.560965911
19.25,-0.549186918,0.167497927,-0.669417498
19.3,-0.618871881,0.229322368,-0.775878005
19.35,-0.684094675,0.290383133,-0.879708736
19.4,-0.744348844,0.350428397,-0.980284905
19.45,-0.799160913,0.409207406,-1.076999848
19.5,-0.848094337,0.466471552,-1.169269154
19.55,-0.890753226,0.52197546,-1.256534696
19.6,-0.926785815,0.57547809,-1.338268515
19.65,-0.95588765,0.626743834,-1.413976543
19.7,-0.977804451,0.675543624,-1.483202128
19.75,-0.992334634,0.721656028,-1.545529329
19.8,-0.99933146,0.764868336,-1.600585968
19.85,-0.99870479,0.80497763,-1.648046399
19.9,-0.990422427,0.84179184,-1.687633973
19.95,-0.974511018,0.875130762,-1.719123189
20,-0.951056516,0.904827052,-1.742341494
20.05,-0.92020418,0.930727185,-1.757170727
20.1,-0.882158103,0.952692359,-1.763548181
20.15,-0.83718027,0.970599367,-1.761467286
20.2,-0.785589147,0.984341402,-1.750977886
20.25,-0.727757795,0.99382881,-1.732186111
20.3,-0.664111524,0.998989782,-1.705253847
20.35,-0.59512509,0.999770967,-1.670397788
20.4,-0.521319461,0.996138024,-1.627888082
20.45,-0.443258159,0.988076086,-1.578046582
20.5,-0.361543208,0.97559015,-1.521244696
20.55,-0.276810714,0.958705374,-1.457900857
20.6,-0.189726098,0.937467289,-1.388477632
20.65,-0.100979027,0.911941919,-1.313478478
20.7,-0.011278079,0.882215798,-1.233444177
20.75,0.078654838,0.848395901,-1.148948962
20.8,0.168090238,0.810609459,-1.06059638
20.85,0.256296965,0.769003688,-0.969014894
20.9,0.342548193,0.723745403,-0.874853287
20.95,0.426127478,0.675020536,-0.778775877
21,0.506334807,0.623033545,-0.681457597
21.05,0.582492593,0.568006721,-0.583578959
21.1,0.653951568,0.510179397,-0.485820966
21.15,0.720096521,0.449807048,-0.388859987
21.2,0.780351831,0.3871603,-0.293362654
21.25,0.834186733,0.322523842,-0.199980811
21.3,0.88112029,0.256195235,-0.109346569
21.35,0.920726,0.188483651,-0.022067489
21.4,0.952636007,0.119708507,0.061278045
21.45,0.976544868,0.050198038,0.140145238
21.5,0.992212832,-0.019712217,0.214027037
21.55,0.999468606,-0.089680991,0.282457995
21.6,0.998211561,-0.159362924,0.345017795
21.65,0.988413359,-0.228410257,0.401334429
21.7,0.970118975,-0.296474568,0.451086973
21.75,0.943447088,-0.363208545,0.494007957
21.8,0.908589844,-0.428267792,0.529885288
21.85,0.865811958,-0.491312653,0.558563721
21.9,0.81544918,-0.552010045,0.579945853
21.95,0.757906095,-0.610035294,0.593992632
22,0.693653306,-0.665073965,0.600723373
22.05,0.62322397,-0.716823663,0.600215282
22.1,0.547209751,-0.764995818,0.592602477
22.15,0.466256177,-0.80931742,0.578074531
22.2,0.381057467,-0.849532704,0.556874523
22.25,0.292350841,-0.885404781,0.52929664
22.3,0.200910369,-0.91671719,0.495683319
22.35,0.107540405,-0.943275373,0.456421979
22.4,0.013068653,-0.964908051,0.411941351
22.45,-0.081661062,-0.981468509,0.362707445
22.5,-0.17579628,-0.992835759,0.309219196
22.55,-0.268483564,-0.998915586,0.252003811
22.6,-0.358876271,-0.999641466,0.19161187
22.65,-0.446142363,-0.994975344,0.128612228
22.7,-0.529472193,-0.984908268,0.063586752
22.75,-0.608086186,-0.969460868,-0.002875045
22.8,-0.681242336,-0.948683678,-0.070181431
22.85,-0.748243469,-0.922657294,-0.137743892
22.9,-0.80844417,-0.891492365,-0.204982523
22.95,-0.861257327,-0.855329404,-0.27133132
23,-0.90616021,-0.814338432,-0.336243329
23.05,-0.942700028,-0.76871844,-0.399195596
23.1,-0.970498899,-0.718696674,-0.459693867
23.15,-0.989258178,-0.664527739,-0.517277001
23.2,-0.998762086,-0.606492532,-0.571521035
23.25,-0.998880606,-0.544896996,-0.622042875
23.3,-0.989571594,-0.480070705,-0.668503568
23.35,-0.970882074,-0.412365282,-0.710611119
23.4,-0.942948705,-0.342152658,-0.748122824
23.45,-0.905997379,-0.269823175,-0.780847096
23.5,-0.860341961,-0.195783549,-0.808644764
23.55,-0.806382162,-0.120454694,-0.83142982
23.6,-0.744600542,-0.044269418,-0.849169617
23.65,-0.675558681,0.032329993,-0.861884509
23.7,-0.599892515,0.108894287,-0.869646928
23.75,-0.518306899,0.184969857,-0.872579919
23.8,-0.431569408,0.260101418,-0.870855131
23.85,-0.340503451,0.333834746,-0.864690295
23.9,-0.245980743,0.405719459,-0.854346207
23.95,-0.148913197,0.475311827,-0.840123257
24,-0.050244318,0.542177587,-0.822357518
24.05,0.04905983,0.605894751,-0.801416463
24.1,0.148019999,0.666056392,-0.777694334
24.15,0.245653385,0.722273377,-0.751607224
24.2,0.340983409,0.774177044,-0.723587922
24.25,0.433049573,0.821421793,-0.694080575
24.3,0.520917266,0.863687578,-0.663535231
24.35,0.603687439,0.900682278,-0.632402327
24.4,0.680506047,0.932143933,-0.601127166
24.45,0.750573146,0.95784283,-0.570144478
24.5,0.813151558,0.977583404,-0.539873098
24.55,0.867574999,0.99120597,-0.510710841
24.6,0.913255591,0.998588233,-0.483029631
24.65,0.949690654,0.999646599,-0.457170942
24.7,0.976468709,0.994337239,-0.433441613
24.75,0.993274612,0.98265692,-0.412110076
24.8,0.999893758,0.964643581,-0.393403065
24.85,0.996215282,0.940376642,-0.377502837
24.9,0.982234231,0.909977049,-0.364544939
24.95,0.958052644,0.873607036,-0.354616573
25,0.923879533,0.831469612,-0.347755563
25.05,0.88002973,0.783807763,-0.34394996
25.1,0.826921616,0.730903366,-0.343138281
25.15,0.76507371,0.67307583,-0.345210405
25.2,0.69510017,0.610680447,-0.350009104
25.25,0.617705214,0.544106484,-0.357332212
25.3,0.53367651,0.473774995,-0.366935405
25.35,0.443877596,0.400136388,-0.378535568
25.4,0.349239392,0.323667741,-0.391814713
25.45,0.250750883,0.244869894,-0.406424408
25.5,0.149449058,0.16426432,-0.421990669
25.55,0.046408211,0.082389803,-0.438119255
25.6,-0.057271295,-0.000201062,-0.454401309
25.65,-0.16047469,-0.082945527,-0.470419276
25.7,-0.262084752,-0.165274481,-0.485753031
25.75,-0.360993943,-0.246616348,-0.499986127
25.8,-0.45611658,-0.32640107,-0.512712112
25.85,-0.546400925,-0.404064146,-0.523540799
25.9,-0.630841037,-0.479050699,-0.532104435
25.95,-0.708488275,-0.55081954,-0.538063677
26,-0.778462302,-0.618847204,-0.541113289
26.05,-0.839961459,-0.682631927,-0.540987482
26.1,-0.892272405,-0.741697524,-0.537464827
26.15,-0.934778875,-0.795597156,-0.530372659
26.2,-0.966969465,-0.84391694,-0.519590903
26.25,-0.988444334,-0.886279374,-0.50505527
26.3,-0.998920735,-0.922346558,-0.48675975
26.35,-0.998237291,-0.951823172,-0.464758371
26.4,-0.986356949,-0.97445919,-0.439166171
26.45,-0.963368564,-0.990052299,-0.410159354
26.5,-0.929487075,-0.998450006,-0.377974617
26.55,-0.885052235,-0.999551403,-0.342907623
26.6,-0.830525914,-0.993308579,-0.305310631
26.65,-0.766487963,-0.979727647,-0.26558929
26.7,-0.693630676,-0.958869389,-0.22419861
26.75,-0.612751895,-0.930849493,-0.18163816
26.8,-0.524746807,-0.895838373,-0.138446513
26.85,-0.430598524,-0.854060569,-0.095195016
26.9,-0.33136753,-0.805793731,-0.052480927
26.95,-0.228180095,-0.751367164,-0.010920013
27,-0.1222158,-0.69115996,0.028861325
27.05,-0.014694271,-0.625598714,0.066234298
27.1,0.093138697,-0.555154834,0.100576255
27.15,0.200025496,-0.48034145,0.131279373
27.2,0.304711369,-0.401709961,0.157759421
27.25,0.405959208,-0.319846217,0.17946446
27.3,0.502564327,-0.23536637,0.195883389
27.35,0.593369015,-0.14891242,0.206554191
27.4,0.677276706,-0.061147489,0.211071798
27.45,0.753265581,0.027249158,0.209095424
27.5,0.820401444,0.115587287,0.200355285
27.55,0.877849683,0.203171051,0.184658581
27.6,0.924886192,0.289304466,0.161894649
27.65,0.960907071,0.373296982,0.132039202
27.7,0.985436997,0.454469094,0.095157551
27.75,0.99813613,0.532157949,0.051406765
27.8,0.998805455,0.605722911,0.001036694
27.85,0.987390471,0.674551033,-0.055610188
27.9,0.963983155,0.738062373,-0.118100152
27.95,0.928822164,0.795715143,-0.185910805
28,0.882291226,0.847010607,-0.258434917
28.05,0.824915744,0.891497702,-0.334985461
28.1,0.757357597,0.928777341,-0.414801831
28.15,0.680408207,0.958506342,-0.497057211
28.2,0.594979911,0.98040095,-0.580867004
28.25,0.502095737,0.994239923,-0.665298262
28.3,0.402877682,0.99986713,-0.749380025
28.35,0.298533616,0.99719364,-0.832114438
28.4,0.190342966,0.986199279,-0.912488549
28.45,0.079641336,0.966933621,-0.989486644
28.5,-0.03219576,0.9395164,-1.062102973
28.55,-0.143769843,0.904137327,-1.12935471
28.6,-0.25367691,0.861055307,-1.190294995
28.65,-0.360525137,0.810597041,-1.244025887
28.7,-0.462952629,0.753155025,-1.289711053
28.75,-0.55964499,0.689184948,-1.326588025
28.8,-0.649352488,0.619202498,-1.353979857
28.85,-0.730906583,0.543779598,-1.371306013
28.9,-0.803235602,0.463540089,-1.378092313
28.95,-0.865379347,0.379154899,-1.373979803
29,-0.916502422,0.291336712,-1.358732385
29.05,-0.955906104,0.2008342,-1.332243088
29.1,-0.983038574,0.108425838,-1.294538852
29.15,-0.997503351,0.014913373,-1.245783731
29.2,-0.999065802,-0.078885028,-1.186280431
29.25,-0.987657606,-0.172141865,-1.116470102
29.3,-0.963379095,-0.264027589,-1.036930376
29.35,-0.926499408,-0.353718016,-0.948371586
29.4,-0.877454421,-0.440401794,-0.851631208
29.45,-0.816842464,-0.523287872,-0.747666526
29.5,-0.745417831,-0.601612891,-0.637545575
29.55,-0.664082164,-0.674648434,-0.522436447
29.6,-0.573873774,-0.741708059,-0.403595043
29.65,-0.475955027,-0.802154059,-0.282351401
29.7,-0.371597937,-0.855403858,-0.160094728
29.75,-0.262168125,-0.900936005,-0.03825733
29.8,-0.149107355,-0.93829568,0.081702424
29.85,-0.033914842,-0.967099663,0.198317855
29.9,0.081872409,-0.987040712,0.310132275
29.95,0.1967,-0.997891282,0.415717574
30,0.309016994,-0.99950656,0.513692876
30.05,0.417296952,-0.991826763,0.60274302
30.1,0.520058863,-0.974878654,0.681636613
30.15,0.615887693,-0.948776277,0.749243404
30.2,0.703454248,-0.913720857,0.80455075
30.25,0.781534083,-0.869999875,0.846678925
30.3,0.849025177,-0.817985299,0.874895035
30.35,0.904964112,-0.758130979,0.888625346
30.4,0.948540523,-0.690969219,0.887465806
30.45,0.979109578,-0.617106537,0.871190582
30.5,0.9962023,-0.537218646,0.839758476
30.55,0.999533564,-0.45204469,0.793317047
30.6,0.989007607,-0.362380779,0.73220438
30.65,0.964720957,-0.269072876,0.656948384
30.7,0.926962705,-0.173009086,0.568263605
30.75,0.876212071,-0.075111433,0.467045525
30.8,0.813133272,0.023672831,0.354362373
30.85,0.738567722,0.122380275,0.231444508
30.9,0.653523652,0.22004064,0.099671453
30.95,0.559163241,0.315686382,-0.039443278
31,0.456787434,0.408362324,-0.184269426
31.05,0.347818619,0.497135326,-0.333079092
31.1,0.233781377,0.581103863,-0.484067512
31.15,0.116281578,0.659407421,-0.635375225
31.2,-0.003015924,0.731235612,-0.785111392
31.25,-0.122410675,0.795836905,-0.931377955
31.3,-0.240190769,0.852526882,-1.072294332
31.35,-0.354657421,0.900695927,-1.20602233
31.4,-0.464149608,0.939816245,-1.330790936
31.45,-0.567068424,0.969448154,-1.444920646
31.5,-0.661900797,0.989245545,-1.546846998
31.55,-0.747242199,0.998960454,-1.635142966
31.6,-0.821818012,0.998446682,-1.708539896
31.65,-0.884503226,0.987662403,-1.765946664
31.7,-0.934340139,0.966671723,-1.806466757
31.75,-0.97055379,0.935645153,-1.829413021
31.8,-0.992564858,0.894858965,-1.834319808
31.85,-0.999999808,0.844693437,-1.820952326
31.9,-0.992698092,0.785629966,-1.789313001
31.95,-0.970716272,0.718247079,-1.739644714
32,-0.934328942,0.643215349,-1.672430819
32.05,-0.884026426,0.561291273,-1.588391874
32.1,-0.820509208,0.473310135,-1.488479077
32.15,-0.744679176,0.380177938,-1.373864448
32.2,-0.65762773,0.282862463,-1.245927832
32.25,-0.560620929,0.182383537,-1.106240849
32.3,-0.455081839,0.079802613,-0.956547971
32.35,-0.342570329,-0.023788252,-0.798744935
32.4,-0.224760583,-0.127277887,-0.634854764
32.45,-0.103416639,-0.22954788,-0.467001676
32.5,0.019633692,-0.329484669,-0.297383229
32.55,0.142526148,-0.425991764,-0.128241062
32.6,0.263388177,-0.518001929,0.038169376
32.65,0.380367527,-0.604489213,0.199609696
32.7,0.491660804,-0.68448069,0.353889618
32.75,0.595541584,-0.757067754,0.498897741
32.8,0.690387618,-0.821416866,0.632631611
32.85,0.774706716,-0.876779596,0.753226638
32.9,0.847160873,-0.922501849,0.85898343
32.95,0.906588247,-0.958032158,0.948393142
33,0.952022627,-0.982928927,1.020160425
33.05,0.982710038,-0.996866535,1.073223637
33.1,0.998122204,-0.999640203,1.106771965
33.15,0.997966606,-0.991169557,1.120259177
33.2,0.982192939,-0.971500819,1.113413761
33.25,0.950995823,-0.940807585,1.086245247
33.3,0.904813676,-0.899390145,1.039046575
33.35,0.844323717,-0.847673353,0.972392419
33.4,0.770433136,-0.786203018,0.887133437
33.45,0.684266515,-0.715640865,0.78438648
33.5,0.587149671,-0.636758076,0.665520857
33.55,0.480590108,-0.550427483,0.53214079
33.6,0.366254383,-0.457614463,0.386064291
33.65,0.24594268,-0.359366651,0.229298712
33.7,0.121560985,-0.256802533,0.064013297
33.75,-0.004908719,-0.151099076,-0.107490904
33.8,-0.131439787,-0.043478499,-0.282813328
33.85,-0.255993286,0.064805664,-0.45948796
33.9,-0.376550893,0.172483044,-0.635018673
33.95,-0.491147783,0.278281316,-0.806915328
34,-0.597904983,0.380941282,-0.972730104
34.05,-0.695060645,0.479232004,-1.130093527
34.1,-0.780999718,0.571965785,-1.276749636
34.15,-0.854281514,0.658012824,-1.410589765
34.2,-0.91366468,0.736315366,-1.529684402
34.25,-0.95812914,0.805901158,-1.632312641
34.3,-0.986894611,0.865896046,-1.71698873
34.35,-0.999435332,0.915535535,-1.782485314
34.4,-0.995490726,0.95417517,-1.827852964
34.45,-0.975071766,0.981299568,-1.85243566
34.5,-0.938462886,0.996530002,-1.85588197
34.55,-0.886219346,0.999630383,-1.838151684
34.6,-0.819160053,0.990511574,-1.799517793
34.65,-0.738355886,0.969233938,-1.740563708
34.7,-0.645113689,0.936008066,-1.66217574
34.75,-0.540956123,0.891193644,-1.565530908
34.8,-0.427597692,0.835296457,-1.452080222
34.85,-0.306917291,0.768963521,-1.323527668
34.9,-0.180927694,0.692976388,-1.181805182
34.95,-0.051742477,0.608242674,-1.02904396
35,0.078459096,0.515785898,-0.867542552
35.05,0.207468654,0.416733726,-0.699732182
35.1,0.333086156,0.312304742,-0.528139834
35.15,0.453157546,0.203793913,-0.35534967
35.2,0.565611993,0.092556885,-0.183963365
35.25,0.668498061,-0.020006683,-0.016559991
35.3,0.760018173,-0.132470561,0.144343929
35.35,0.83856076,-0.243399942,0.296333558
35.4,0.902729499,-0.351369782,0.437133434
35.45,0.951369113,-0.454983227,0.56464312
35.5,0.98358722,-0.552889915,0.676970217
35.55,0.998771834,-0.643803898,0.772460198
35.6,0.996604127,-0.726520945,0.849722568
35.65,0.977066205,-0.799934992,0.907652906
35.7,0.940443676,-0.863053516,0.945450403
35.75,0.887322918,-0.915011604,0.962630605
35.8,0.818583029,-0.955084514,0.959033102
35.85,0.735382539,-0.982698548,0.934824047
35.9,0.639141056,-0.997440059,0.890493397
35.95,0.531516116,-0.999062439,0.826846941
36,0.414375581,-0.987490979,0.744993179
36.05,0.289766045,-0.962825498,0.646325276
36.1,0.159877742,-0.925340661,0.532498353
36.15,0.027006559,-0.875483969,0.405402475
36.2,-0.106486206,-0.813871391,0.267131758
36.25,-0.238215642,-0.741280687,0.119950112
36.3,-0.365815848,-0.658642446,-0.03374585
36.35,-0.486982618,-0.567028962,-0.191466093
36.4,-0.599515419,-0.46764104,-0.350668023
36.45,-0.701357896,-0.361792899,-0.508798209
36.5,-0.790636145,-0.250895338,-0.663334302
36.55,-0.865694038,-0.136437383,-0.811826426
36.6,-0.925124924,-0.019966636,-0.951937337
36.65,-0.967799077,0.096931417,-1.081480689
36.7,-0.992886346,0.212654871,-1.198456728
36.75,-0.999873529,0.325607347,-1.301084825
36.8,-0.988576108,0.434220131,-1.387832265
36.85,-0.959144039,0.536974184,-1.457438818
36.9,-0.91206144,0.632421727,-1.508936642
36.95,-0.848140109,0.719207089,-1.541665187
37,-0.768506917,0.79608651,-1.555280835
37.05,-0.67458524,0.861946603,-1.549761098
37.1,-0.568070713,0.915821208,-1.525403306
37.15,-0.450901687,0.956906359,-1.482817808
37.2,-0.325224883,0.984573131,-1.422915793
37.25,-0.193356828,0.998378161,-1.346891955
37.3,-0.057741754,0.998071643,-1.256202309
37.35,0.079093291,0.983602663,-1.15253753
37.4,0.214585319,0.955121744,-1.037792322
37.45,0.346183373,0.912980537,-0.914031326
37.5,0.471396737,0.85772861,-0.783452207
37.55,0.587842437,0.790107354,-0.648346551
37.6,0.693291151,0.711041035,-0.511059303
37.65,0.785710622,0.621625097,-0.373947443
37.7,0.863305719,0.52311184,-0.239338668
37.75,0.924554347,0.416893644,-0.109490811
37.8,0.968238472,0.304483953,0.013447273
37.85,0.993469603,0.187496265,0.127472641
37.9,0.999708189,0.067621406,0.230762364
37.95,0.986776483,-0.053396591,0.321704173
38,0.954864545,-0.173785681,0.398923101
38.05,0.90452921,-0.291771701,0.461303663
38.1,0.836685939,-0.405604599,0.508007152
38.15,0.752593649,-0.513584607,0.538483783
38.2,0.653832723,-0.614087964,0.552479458
38.25,0.542276574,-0.705591806,0.550037062
38.3,0.420057219,-0.786697824,0.531492285
38.35,0.289525491,-0.856154329,0.497464077
38.4,0.153206605,-0.912876362,0.448839941
38.45,0.013751888,-0.955963518,0.386756362
38.5,-0.1261124,-0.984715176,0.312574781
38.55,-0.263638198,-0.998642888,0.227853579
38.6,-0.396109681,-0.997479668,0.134316637
38.65,-0.520897153,-0.981186014,0.033819092
38.7,-0.635509724,-0.949952534,-0.071689044
38.75,-0.737645704,-0.90419906,-0.18020068
38.8,-0.825239693,-0.844570241,-0.28969013
38.85,-0.896505376,-0.771927627,-0.398151518
38.9,-0.949973142,-0.687338302,-0.503636376
38.95,-0.984521692,-0.592060229,-0.604289702
39,-0.999402948,-0.487524445,-0.698383772
39.05,-0.994259688,-0.375314384,-0.784349081
39.1,-0.969135462,-0.257142576,-0.860801808
39.15,-0.924476516,-0.134825076,-0.926567294
39.2,-0.86112559,-0.010253979,-0.980699111
39.25,-0.780307626,0.114631569,-1.022493368
39.3,-0.683607588,0.237875424,-1.051498009
39.35,-0.572940767,0.3575351,-1.067516981
39.4,-0.450516081,0.471712559,-1.070609212
39.45,-0.318793061,0.578584637,-1.061082493
39.5,-0.180433312,0.676432615,-1.039482422
39.55,-0.038247413,0.763670462,-1.006576702
39.6,0.104861725,0.838871272,-0.96333516
39.65,0.245957905,0.900791445,-0.91090594
39.7,0.382131898,0.948392194,-0.850588418
39.75,0.510561677,0.980857993,-0.783803439
39.8,0.62857138,0.997611638,-0.712061524
39.85,0.733687765,0.998325607,-0.636929751
39.9,0.823692956,0.982929505,-0.559998026
39.95,0.896672331,0.951613419,-0.482845468
40,0.951056516,0.904827052,-0.407007632
40.05,0.985656527,0.843274627,-0.333945257
40.1,0.999691255,0.767905552,-0.265015218
40.15,0.992806637,0.67990097,-0.201444256
40.2,0.965086017,0.580656349,-0.144306061
40.25,0.917051375,0.471760343,-0.094502144
40.3,0.849655321,0.354970232,-0.052746882
40.35,0.764263904,0.232184303,-0.019557017
40.4,0.662630506,0.105411581,0.004754215
40.45,0.546861295,-0.02326061,0.020078262
40.5,0.419372862,-0.151700743,0.02650777
40.55,0.282842877,-0.277768301,0.024328571
40.6,0.140154732,-0.399349518,0.014007411
40.65,-0.00566269,-0.514393062,-0.003824266
40.7,-0.1514989,-0.620945051,-0.028390025
40.75,-0.294227989,-0.717182808,-0.058791138
40.8,-0.43077573,-0.801446753,-0.094031692
40.85,-0.558186143,-0.872269878,-0.133045484
40.9,-0.673686084,-0.928404266,-0.174724015
40.95,-0.774746444,-0.96884416,-0.217944919
41,-0.859138581,-0.99284514,-0.261600106
41.05,-0.924984713,-0.999939039,-0.304622949
41.1,-0.970801115,-0.989944266,-0.346013843
41.15,-0.995533092,-0.96297132,-0.384863529
41.2,-0.998580881,-0.919423318,-0.420373628
41.25,-0.979815821,-0.859991469,-0.451873881
41.3,-0.939586321,-0.785645515,-0.478835725
41.35,-0.878713408,-0.697619227,-0.500881857
41.4,-0.798475826,-0.597391148,-0.51779162
41.45,-0.700584907,-0.486660862,-0.529502081
41.5,-0.587149671,-0.367321146,-0.536104827
41.55,-0.460632824,-0.241426435,-0.537838601
41.6,-0.323798527,-0.111158113,-0.535077996
41.65,-0.179653022,0.021212799,-0.528318551
41.7,-0.031379359,0.153364933,-0.518158657
41.75,0.117732384,0.282967173,-0.505278794
41.8,0.264357856,0.407719856,-0.490418681
41.85,0.405212593,0.525395843,-0.474352952
41.9,0.537125901,0.633880735,-0.457866069
41.95,0.65711282,0.731211503,-0.441727137
42,0.762442511,0.815612807,-0.426665347
42.05,0.850701495,0.885530332,-0.41334674
42.1,0.919850255,0.939660501,-0.402352932
42.15,0.968271846,0.976975976,-0.394162438
42.2,0.994811336,0.996746435,-0.389135107
42.25,0.998805071,0.998554197,-0.387500173
42.3,0.980099006,0.982304318,-0.389348247
42.35,0.939055559,0.948228941,-0.394627547
42.4,0.876548725,0.89688571,-0.403144501
42.45,0.793947425,0.829150232,-0.414568755
42.5,0.693087363,0.74620263,-0.428442491
42.55,0.57623192,0.649508366,-0.444193857
42.6,0.446022866,0.540793615,-0.461154152
42.65,0.30542193,0.42201558,-0.478578348
42.7,0.157644484,0.295328221,-0.4956684
42.75,0.006086798,0.163043996,-0.511598702
42.8,-0.145751512,0.027592248,-0.525543005
42.85,-0.294348088,-0.108524995,-0.536702033
42.9,-0.436239634,-0.242779043,-0.544330999
42.95,-0.568103031,-0.372661535,-0.547766227
43,-0.686833847,-0.495731533,-0.546450075
43.05,-0.789620385,-0.609661829,-0.539953392
43.1,-0.874011483,-0.712283596,-0.527994791
43.15,-0.937976402,-0.801628497,-0.510456101
43.2,-0.979955314,-0.875967445,-0.487393423
43.25,-0.998899105,-0.933845214,-0.459043373
43.3,-0.994297441,-0.974110214,-0.425824166
43.35,-0.966194306,-0.995938784,-0.388331367
43.4,-0.915190535,-0.998853472,-0.347328262
43.45,-0.84243312,-0.982734896,-0.303730955
43.5,-0.749591445,-0.947826846,-0.258588446
43.55,-0.638820859,-0.89473448,-0.213058094
43.6,-0.512714335,-0.824415533,-0.168377009
43.65,-0.37424327,-0.738164642,-0.125830033
43.7,-0.226688705,-0.637590999,-0.086715114
43.75,-0.073564564,-0.524589683,-0.052306939
43.8,0.081465366,-0.401307147,-0.023819781
43.85,0.23467473,-0.27010147,-0.002370589
43.9,0.38236414,-0.133498078,0.011056677
43.95,0.520950786,0.005858251,0.015644414
44,0.647055962,0.145254207,0.010771447
44.05,0.757588339,0.281960611,-0.003961122
44.1,0.849820948,0.413285936,-0.028709165
44.15,0.921459892,0.536629607,-0.063370616
44.2,0.970703063,0.649534044,-0.107577004
44.25,0.9962873,0.749734388,-0.160691899
44.3,0.997522726,0.835204902,-0.221816543
44.35,0.974313301,0.904201073,-0.289802778
44.4,0.927162931,0.955296527,-0.363273167
44.45,0.857166851,0.987413959,-0.440648024
44.5,0.765988346,0.999849366,-0.520178863
44.55,0.655821239,0.992289046,-0.599987598
44.6,0.529338932,0.964818901,-0.678110632
44.65,0.389631143,0.917925784,-0.752546838
44.7,0.240129776,0.852490755,-0.821308281
44.75,0.084525677,0.769774294,-0.88247242
44.8,-0.073321748,0.671393667,-0.934234464
44.85,-0.229479845,0.559292811,-0.974958486
44.9,-0.38004064,0.435705273,-1.003225908
44.95,-0.521218923,0.303110864,-1.017879985
45,-0.649448048,0.164186847,-1.018064975
45.05,-0.761470998,0.021754598,-1.003258787
45.1,-0.854424372,-0.121277215,-0.973298046
45.15,-0.925913114,-0.261971817,-0.928394639
45.2,-0.97407398,-0.397424661,-0.869143063
45.25,-0.997626047,-0.524823691,-0.796518062
45.3,-0.99590683,-0.641508276,-0.711862312
45.35,-0.968892966,-0.745025567,-0.616864166
45.4,-0.917204771,-0.833183086,-0.513525718
45.45,-0.842094415,-0.904096385,-0.404121725
45.5,-0.745417831,-0.956230734,-0.291150185
45.55,-0.62959095,-0.98843588,-0.177275583
45.6,-0.497531208,-0.999973071,-0.065266095
45.65,-0.352585702,-0.990533688,0.042073818
45.7,-0.19844771,-0.960248973,0.141973793
45.75,-0.039063617,-0.909690566,0.231769169
45.8,0.121467435,-0.839861716,0.308971999
45.85,0.278998648,-0.752179244,0.371339574
45.9,0.429442736,-0.648446543,0.416938614
45.95,0.568878398,-0.530818067,0.444203315
46,0.693653306,-0.401755992,0.451985569
46.05,0.800480905,-0.263979865,0.439595804
46.1,0.88652842,-0.120410253,0.406833135
46.15,0.949493684,0.025892469,0.354003712
46.2,0.987668675,0.171792927,0.281926479
46.25,0.999987952,0.314147801,0.191925829
46.3,0.98606058,0.449873685,0.085810982
46.35,0.946184532,0.576014297,-0.034157712
46.4,0.881343037,0.68980557,-0.165315057
46.45,0.79318278,0.788737179,-0.30464897
46.5,0.683974364,0.870609116,-0.448868945
46.55,0.556555924,0.933582021,-0.594483481
46.6,0.41426121,0.976220093,-0.737884699
46.65,0.260833924,0.997525543,-0.875438108
46.7,0.100330457,0.996963744,-1.003575311
46.75,-0.06298648,0.974478411,-1.118887273
46.8,-0.224760583,0.930496353,-1.21821575
46.85,-0.380658054,0.865921582,-1.298740392
46.9,-0.526484011,0.782118776,-1.358059164
46.95,-0.658296063,0.680886357,-1.394259765
47,-0.772511964,0.564419643,-1.405979973
47.05,-0.866008386,0.435264805,-1.392455036
47.1,-0.936208059,0.296264536,-1.353550563
47.15,-0.981152792,0.150496577,-1.28977968
47.2,-0.999560274,0.001206371,-1.202303636
47.25,-0.990862955,-0.14826467,-1.092915447
47.3,-0.95522777,-0.294553747,-0.964006605
47.35,-0.893555994,-0.434352428,-0.818517357
47.4,-0.80746305,-0.564481882,-0.659871461
47.45,-0.699238617,-0.681965874,-0.491896827
47.5,-0.57178796,-0.78409983,-0.318733797
47.55,-0.428555919,-0.868514361,-0.144733247
47.6,-0.273435469,-0.933231724,0.025653027
47.65,-0.110663243,-0.976713842,0.187986884
47.7,0.05529523,-0.997900702,0.337960428
47.75,0.219867487,-0.996238117,0.47151155
47.8,0.378499998,-0.97169411,0.584935324
47.85,0.526784459,-0.924763402,0.674988168
47.9,0.660581023,-0.85645977,0.73898185
47.95,0.776135009,-0.768296315,0.774864592
48,0.870183755,-0.66225396,0.781286832
48.05,0.940050566,-0.54073878,0.757649551
48.1,0.983722984,-0.406529037,0.704133516
48.15,0.999913055,-0.262713033,0.621708249
48.2,0.988097722,-0.112619146,0.512120064
48.25,0.948538036,0.040260407,0.37785909
48.3,0.882276438,0.192350353,0.222105725
48.35,0.791111985,0.340075845,0.04865757
48.4,0.677554021,0.479946685,-0.138161564
48.45,0.544755398,0.608640333,-0.333608464
48.5,0.396426965,0.723081689,-0.532640556
48.55,0.236735557,0.820517739,-0.730046161
48.6,0.070188254,0.898585225,-0.920581621
48.65,-0.098493915,0.955369642,-1.099111706
48.7,-0.264509344,0.989454063,-1.260749513
48.75,-0.423112513,0.999956508,-1.400992042
48.8,-0.569750081,0.986554825,-1.515847662
48.85,-0.700192496,0.949498366,-1.601951819
48.9,-0.810657288,0.88960601,-1.656667609
48.95,-0.897920436,0.808250438,-1.678168171
49,-0.959412472,0.70732889,-1.665498323
49.05,-0.993296419,0.589220965,-1.618613354
49.1,-0.998525133,0.456734335,-1.53839351
49.15,-0.974876205,0.313039571,-1.426633351
49.2,-0.922963201,0.161595554,-1.286005815
49.25,-0.8442227,0.006067164,-1.120001567
49.3,-0.740877279,-0.149762787,-0.932844867
49.35,-0.615875318,-0.302085313,-0.729387912
49.4,-0.472809156,-0.447158471,-0.514986198
49.45,-0.315813814,-0.581399765,-0.295358072
49.5,-0.149449058,-0.701475453,-0.076432111
49.55,0.021431875,-0.804384501,0.135813617
49.6,0.191823145,-0.887535064,0.335516045
49.65,0.356712727,-0.948811508,0.517090822
49.7,0.511230087,-0.986630194,0.675390643
49.75,0.650790782,-0.999982535,0.805853672
49.8,0.771233659,-0.988464088,0.904637731
49.85,0.868946536,-0.952288818,0.968736252
49.9,0.940976507,-0.892288007,0.996072439
49.95,0.985121477,-0.80989368,0.985568653
50,1,-0.707106781,0.937188669
50.05,0.985097171,-0.586450749,0.851951192
50.1,0.940784955,-0.450911502,0.731913826
50.15,0.868316141,-0.303865206,0.580127492
50.2,0.769791841,-0.148995521,0.400562154
50.25,0.648103287,0.009797685,0.198005545
50.3,0.506849448,0.168495917,-0.022062627
50.35,0.350232721,0.323063518,-0.253617755
50.4,0.182935649,0.469550462,-0.49025479
50.45,0.009982245,0.604193861,-0.72536564
50.5,-0.163412056,0.723515565,-0.952324583
50.55,-0.331997327,0.82441331,-1.164676513
50.6,-0.490648279,0.904242999,-1.356322622
50.65,-0.634520771,0.96088989,-1.521698158
50.7,-0.759200882,0.992826747,-1.655936999
50.75,-0.86084196,0.999157293,-1.75501814
50.8,-0.936285324,0.979643698,-1.815889583
50.85,-0.98316079,0.934717203,-1.836565754
50.9,-0.999963759,0.865471429,-1.816195267
50.95,-0.98610628,0.773638369,-1.755096658
51,-0.941940301,0.661547487,-1.654760656
51.05,-0.86875212,0.532068842,-1.517818462
51.1,-0.768727985,0.388541537,-1.347976534
51.15,-0.64489162,0.234689236,-1.149919363
51.2,-0.501015384,0.074524818,-0.929182661
51.25,-0.34150757,-0.087753401,-0.692000318
51.3,-0.171279152,-0.24787126,-0.445129292
51.35,0.004406069,-0.401591283,-0.195657304
51.4,0.180093398,-0.544825211,0.049201215
51.45,0.350306285,-0.673743544,0.282315034
51.5,0.509717284,-0.784879123,0.496845779
51.55,0.653315562,-0.875221957,0.686451124
51.6,0.776565692,-0.942302631,0.84547541
51.65,0.875552657,-0.984261974,0.969121909
51.7,0.947108387,-0.999904941,1.053601379
51.75,0.988915671,-0.988737125,1.096252229
51.8,0.999585971,-0.950982708,1.095628374
51.85,0.978708446,-0.887583188,1.051551807
51.9,0.926868389,-0.800176708,0.965127898
51.95,0.84563421,-0.691058351,0.83872256
52,0.737513117,-0.563122274,0.675901545
52.05,0.605876631,-0.419787069,0.481333263
52.1,0.45485803,-0.264906212,0.26065767
52.15,0.289224773,-0.102665889,0.020324796
52.2,0.114229746,0.062527144,-0.232592529
52.25,-0.064554079,0.22616468,-0.490606382
52.3,-0.241410429,0.383759982,-0.746035784
52.35,-0.41066236,0.53097115,-0.991236518
52.4,-0.566854925,0.66372154,-1.218831812
52.45,-0.704931991,0.778313891,-1.421936875
52.5,-0.820401444,0.87153492,-1.594370409
52.55,-0.909483338,0.940747408,-1.730846496
52.6,-0.969236065,0.983967071,-1.827140802
52.65,-0.997656239,0.99992194,-1.880225784
52.7,-0.993748839,0.988092405,-1.888370418
52.75,-0.957565073,0.948730608,-1.851201091
52.8,-0.890206444,0.882858428,-1.769721367
52.85,-0.793794596,0.792243903,-1.646289674
52.9,-0.671407636,0.679356524,-1.484555175
52.95,-0.52698472,0.547302437,-1.289353432
53,-0.365201762,0.39974119,-1.066564724
53.05,-0.191322091,0.240786163,-0.82293905
53.1,-0.011026767,0.074891358,-0.565892979
53.15,0.169770058,-0.093272416,-0.303284376
53.2,0.345114739,-0.258948517,-0.043171844
53.25,0.509210412,-0.417428991,0.206433759
53.3,0.656609451,-0.564188813,0.43781805
53.35,0.782395702,-0.695016035,0.643804297
53.4,0.88235037,-0.806134059,0.817979463
53.45,0.953095893,-0.894312471,0.954897857
53.5,0.992212832,-0.956963132,1.050255855
53.55,0.998325652,-0.992218602,1.10103192
53.6,0.97115426,-0.998990488,1.105587254
53.65,0.911529283,-0.977005793,1.063723582
53.7,0.821370278,-0.92682003,0.976695904
53.75,0.703627274,-0.849806459,0.84717946
53.8,0.562187307,-0.74812153,0.679191607
53.85,0.4017488,-0.624647301,0.477970738
53.9,0.227667729,-0.482912265,0.249815784
53.95,0.04578056,-0.326992685,0.0018911
54,-0.137790291,-0.161397131,-0.257997278
54.05,-0.316842008,0.009062585,-0.521647065
54.1,-0.485301076,0.179410414,-0.780719161
54.15,-0.637430041,0.344651033,-1.027002851
54.2,-0.76802427,0.499916563,-1.252678316
54.25,-0.872591931,0.640610728,-1.450567979
54.3,-0.947510912,0.762546173,-1.614368524
54.35,-0.990157114,0.862070814,-1.738855981
54.4,-0.9989995,0.93617935,-1.820057051
54.45,-0.973658354,0.982606493,-1.855380931
54.5,-0.914924448,0.999898959,-1.843707098
54.55,-0.824738123,0.987463844,-1.785425928
54.6,-0.706128672,0.945591739,-1.682430523
54.65,-0.563115784,0.875453604,-1.538059729
54.7,-0.400576129,0.779071267,-1.356993885
54.75,-0.224079409,0.659262158,-1.145106439
54.8,-0.039699296,0.519559675,-0.909276008
54.85,0.146194394,0.364111368,-0.657164827
54.9,0.327155227,0.197557765,-0.396970645
54.95,0.496883843,0.024895335,-0.13716008
55,0.649448048,-0.148672434,0.113807894
55.05,0.779491597,-0.317891424,0.347759263
55.1,0.88242428,-0.477616082,0.557073953
55.15,0.954586506,-0.62296658,0.734937519
55.2,0.993382391,-0.749479146,0.875567127
55.25,0.997376431,-0.853244887,0.974404195
55.3,0.966350045,-0.931032761,1.028267129
55.35,0.90131568,-0.980392748,1.035458868
55.4,0.80448761,-0.999735882,0.995825439
55.45,0.679210122,-0.98838843,0.91076333
55.5,0.529845256,-0.94661832,0.783175191
55.55,0.361623756,-0.875632707,0.617375116
55.6,0.180464212,-0.77754649,0.418946451
55.65,-0.007233454,-0.655322459,0.194556684
55.7,-0.194813004,-0.512684665,-0.048264521
55.75,-0.375597552,-0.354007441,-0.301376848
55.8,-0.543127556,-0.184183287,-0.556302026
55.85,-0.691392643,-0.008473559,-0.804508585
55.9,-0.815048927,0.16765356,-1.037699068
55.95,-0.909613902,0.338692843,-1.248089978
56,-0.971631733,0.499274305,-1.428674921
56.05,-0.998802767,0.644332606,-1.573461938
56.1,-0.990072291,0.769268208,-1.677676848
56.15,-0.945675012,0.870095121,-1.737925535
56.2,-0.867133298,0.943570441,-1.752309513
56.25,-0.757208847,0.987301418,-1.720490628
56.3,-0.619809165,0.999826415,-1.643702537
56.35,-0.45985188,0.980666965,-1.524708394
56.4,-0.283091465,0.93034898,-1.36770602
56.45,-0.095914375,0.850392128,-1.178183682
56.5,0.094890197,0.743267438,-0.962731301
56.55,0.28237578,0.612324156,-0.728813484
56.6,0.459691464,0.461687926,-0.484512133
56.65,0.620332918,0.296133259,-0.238247466
56.7,0.758382393,0.120934183,0.001512918
56.75,0.868728781,-0.058302368,0.226546856
56.8,0.947259509,-0.235815185,0.429162124
56.85,0.99101696,-0.405873791,0.602462685
56.9,0.998313364,-0.5629639,0.740587353
56.95,0.968799599,-0.701967305,0.83891246
57,0.903484964,-0.81833032,0.894211356
57.05,0.804706812,-0.908215171,0.904765073
57.1,0.676050747,-0.96862924,0.870420155
57.15,0.522223976,-0.997527751,0.792591557
57.2,0.348886114,-0.993886263,0.674210395
57.25,0.162443427,-0.957740329,0.519618319
57.3,-0.030186119,-0.8901907,0.334412177
57.35,-0.22182846,-0.79337358,0.125244379
57.4,-0.405320295,-0.670396575,-0.10041398
57.45,-0.573777291,-0.525242134,-0.334538899
57.5,-0.720853597,-0.362641362,-0.5688387
57.55,-0.84098283,-0.187922098,-0.795048574
57.6,-0.929591329,-0.006836052,-1.005223935
57.65,-0.983275416,0.174629448,-1.192022102
57.7,-0.99993569,0.350448993,-1.348962198
57.75,-0.978862927,0.51475941,-1.470653961
57.8,-0.920771964,0.662056207,-1.552987208
57.85,-0.827781849,0.787379536,-1.593275139
57.9,-0.703342597,0.886483356,-1.590346302
57.95,-0.552110894,0.955981956,-1.544581886
58,-0.379779096,0.993468707,-1.457897005
58.05,-0.192863634,0.997602788,-1.333666628
58.1,0.00153938,0.968160662,-1.176598877
58.15,0.196022305,0.906050231,-0.992560277
58.2,0.383147777,0.81328685,-0.788359355
58.25,0.555733481,0.692931653,-0.571496463
58.3,0.707128995,0.548993934,-0.349888996
58.35,0.831473976,0.38630057,-0.131582035
58.4,0.923927615,0.210336624,0.075544964
58.45,0.980860287,0.027062302,0.264064697
58.5,0.999999692,-0.157287708,0.427271232
58.55,0.980525469,-0.3364158,0.559422049
58.6,0.923108235,-0.504176774,0.655944015
58.65,0.829891071,-0.654789557,0.713595747
58.7,0.704413735,-0.783038004,0.73058042
58.75,0.551482089,-0.884453755,0.706604926
58.8,0.376987405,-0.955474685,0.642883273
58.85,0.187682186,-0.993573229,0.542084193
58.9,-0.009079078,-0.99734987,0.408225016
58.95,-0.205624344,-0.966588225,0.246515856
59,-0.394262724,-0.902269461,0.063160019
59.05,-0.56758584,-0.806545164,-0.134881804
59.1,-0.718760019,-0.682669232,-0.340154671
59.15,-0.841797775,-0.534890785,-0.544989923
59.2,-0.931797698,-0.368311488,-0.741792532
59.25,-0.985143065,-0.188711957,-0.923324473
59.3,-0.999650991,-0.002353051,-1.082973432
59.35,-0.974665837,0.184241184,-1.214996788
59.4,-0.911092743,0.364511456,-1.314731706
59.45,-0.811369481,0.532094112,-1.378763513
59.5,-0.679377272,0.681046826,-1.405046104
59.55,-0.520293635,0.806061087,-1.392969975
59.6,-0.340392679,0.902653799,-1.343375464
59.65,-0.146800395,0.967331034,-1.258510915
59.7,0.052785629,0.997717846,-1.141937533
59.75,0.250401126,0.992649221,-0.998384795
59.8,0.43813269,0.95221856,-0.83356212
59.85,0.60843529,0.87778159,-0.653934209
59.9,0.754436996,0.771915144,-0.466468808
59.95,0.870218581,0.638331891,-0.278366729
60,0.951056516,0.481753674,-0.09678458
60.05,0.993619285,0.307747638,0.071439049
60.1,0.99610873,0.122530716,0.220043412
60.15,0.958340274,-0.067250758,0.343581439
60.2,0.881758309,-0.254758574,0.437622568
60.25,0.769385619,-0.433208852,0.49891487
60.3,0.625708386,-0.5961181,0.525500384
60.35,0.456500955,-0.737540167,0.516779415
60.4,0.268597047,-0.852285409,0.473521575
60.45,0.069616316,-0.936113901,0.397823442
60.5,-0.13234289,-0.98589544,0.293014788
60.55,-0.329032291,-0.999730166,0.163517375
60.6,-0.51239063,-0.977025046,0.014662143
60.65,-0.674875077,-0.918523028,-0.147527771
60.7,-0.809773422,-0.826283352,-0.316579399
60.75,-0.91148406,-0.703613322,-0.485827988
60.8,-0.975752008,-0.554953616,-0.648680406
60.85,-0.999850862,-0.38572095,-0.798873459
60.9,-0.982702767,-0.202113534,-0.930716904
60.95,-0.924930982,-0.010886189,-1.039311622
61,-0.828842327,0.180896796,-1.120734455
61.05,-0.69833971,0.3661221,-1.17218258
61.1,-0.538767844,0.537891513,-1.19207198
61.15,-0.356698052,0.689779981,-1.18008642
61.2,-0.159660655,0.816077879,-1.137175375
61.25,0.044164277,0.912008293,-1.065501385
61.3,0.246285238,0.973910973,-0.968339398
61.35,0.438252707,0.999385758,-0.849932535
61.4,0.612013018,0.987389725,-0.71531049
61.45,0.76024782,0.938284,-0.570078215
61.5,0.876684778,0.853828023,-0.420183712
61.55,0.956366224,0.737121024,-0.271674541
61.6,0.995864126,0.592492447,-0.130453034
61.65,0.993431912,0.425345036,-0.002040184
61.7,0.949086249,0.241956104,0.108642253
61.75,0.864614804,0.049244175,0.197462725
61.8,0.743509085,-0.145490431,0.261236378
61.85,0.590824654,-0.334841419,0.297841034
61.9,0.412974091,-0.511578348,0.306288292
61.95,0.217461018,-0.668923769,0.286747339
62,0.01256604,-0.800815003,0.240520967
62.05,-0.19300235,-0.902140398,0.169975349
62.1,-0.390477273,-0.968940763,0.078426979
62.15,-0.571407737,-0.998567927,-0.030008048
62.2,-0.728021681,-0.989793947,-0.150595706
62.25,-0.853562164,-0.942866307,-0.278188751
62.3,-0.942582051,-0.859506519,-0.407445657
62.35,-0.991184235,-0.742851681,-0.533054472
62.4,-0.997196638,-0.597340759,-0.649952152
62.45,-0.960273963,-0.428549533,-0.753530261
62.5,-0.881921264,-0.24298018,-0.839818559
62.55,-0.765437728,-0.047813297,-0.905639062
62.6,-0.615782498,0.149368293,-0.94872446
62.65,-0.43936778,0.340873396,-0.967796408
62.7,-0.243787668,0.51920262,-0.962600902
62.75,-0.037493972,0.677343154,-0.933899887
62.8,0.170567219,0.809046539,-0.883420053
62.85,0.371342717,0.909078347,-0.813761662
62.9,0.55606644,0.973429719,-0.72827187
62.95,0.716643471,0.999482062,-0.630888525
63,0.846007106,0.98611802,-0.525961581
63.05,0.938433044,0.933773842,-0.418060168
63.1,0.989796633,0.844430594,-0.311773845
63.15,0.99776144,0.721544018,-0.21151671
63.2,0.961890349,0.569915306,-0.121342801
63.25,0.883673735,0.395507431,-0.044780592
63.3,0.766472829,0.205213886,0.015306547
63.35,0.615380179,0.006588658,0.056828306
63.4,0.437002741,-0.192452089,0.078539649
63.45,0.239176638,-0.383944917,0.08007478
63.5,0.030625739,-0.560198118,0.061942073
63.55,-0.179421231,-0.714102024,0.025480913
63.6,-0.381638305,-0.839418068,-0.027216906
63.65,-0.56701667,-0.931034767,-0.093417076
63.7,-0.727267435,-0.98518,-0.169878463
63.75,-0.85519469,-0.999580643,-0.253008039
63.8,-0.94502199,-0.97356264,-0.339027758
63.85,-0.992657298,-0.908086938,-0.42414566
63.9,-0.995884082,-0.805719307,-0.504723444
63.95,-0.954469434,-0.670534679,-0.577433043
64,-0.870183755,-0.507959374,-0.639395382
64.05,-0.746730478,-0.324557113,-0.688295423
64.1,-0.589588326,-0.12776709,-0.722468818
64.15,-0.405772579,0.074395588,-0.740956875
64.2,-0.203525554,0.273665123,-0.743528047
64.25,0.008050244,0.461862784,-0.730665775
64.3,0.219400093,0.63123341,-0.703524038
64.35,0.42094795,0.774766804,-0.663853457
64.4,0.603530893,0.886490625,-0.613902122
64.45,0.758817365,0.961722444,-0.556296375
64.5,0.879690076,0.997270197,-0.493907661
64.55,0.960575856,0.99157229,-0.429712032
64.6,0.997707015,0.944771046,-0.366649127
64.65,0.989301761,0.858715869,-0.307487319
64.7,0.935654854,0.736895418,-0.254701256
64.75,0.839133669,0.584301011,-0.210367304
64.8,0.704079176,0.407226396,-0.176081409
64.85,0.53661569,0.213011714,-0.152902682
64.9,0.344377489,0.009741925,-0.141324718
64.95,0.136164281,-0.194088051,-0.14127521
65,-0.078459096,-0.389927688,-0.152143063
65.05,-0.289600666,-0.569529961,-0.172830825
65.1,-0.487497015,-0.72530012,-0.201829091
65.15,-0.662965725,-0.850619329,-0.237308491
65.2,-0.807833548,-0.940129288,-0.277224114
65.25,-0.915320265,-0.989965475,-0.319426711
65.3,-0.980360079,-0.997928685,-0.361774821
65.35,-0.99984511,-0.963587087,-0.402242071
65.4,-0.972779114,-0.888303872,-0.439014273
65.45,-0.900333584,-0.775188712,-0.470571616
65.5,-0.785802924,-0.628974453,-0.49575216
65.55,-0.634460065,-0.455823699,-0.513793868
65.6,-0.453318568,-0.263072974,-0.524353676
65.65,-0.250811707,-0.058924902,-0.527503292
65.7,-0.036403014,0.147898826,-0.523702727
65.75,0.1798539,0.348529105,-0.51375369
65.8,0.387785874,0.534329925,-0.498736065
65.85,0.577579115,0.697271388,-0.479931493
65.9,0.740243944,0.83027911,-0.458738759
65.95,0.868043314,0.927544687,-0.436585979
66,0.954864545,0.984783498,-0.4148447
66.05,0.99651626,0.99942821,-0.394750804
66.1,0.9909359,0.970749092,-0.377336605
66.15,0.938297309,0.899895275,-0.363377847
66.2,0.841012575,0.789854539,-0.35335836
66.25,0.703627274,0.645332703,-0.347454064
66.3,0.532613365,0.472557225,-0.345536878
66.35,0.336068895,0.279012978,-0.347197891
66.4,0.123338217,0.073121225,-0.351788015
66.45,-0.095429662,-0.136124599,-0.358473332
66.5,-0.309763857,-0.339550656,-0.366301477
66.55,-0.50937263,-0.528205016,-0.374274749
66.6,-0.684638705,-0.693752868,-0.381425255
66.65,-0.827084989,-0.82884716,-0.386887284
66.7,-0.92978805,-0.927458076,-0.389962266
66.75,-0.987719037,-0.985146437,-0.390172121
66.8,-0.99799504,-0.99926848,-0.387297492
66.85,-0.960028118,-0.969102343,-0.381398288
66.9,-0.87556404,-0.895890021,-0.372815013
66.95,-0.748608093,-0.782792229,-0.362150546
67,-0.585240754,-0.634757486,-0.350233243
67.05,-0.393331427,-0.458310565,-0.338063416
67.1,-0.182163449,-0.261269111,-0.32674631
67.15,0.038011965,-0.052400532,-0.317415592
67.2,0.256471568,0.158965926,-0.311152052
67.25,0.462541843,0.363354893,-0.308902637
67.3,0.646121315,0.551569879,-0.311405013
67.35,0.798177845,0.715108539,-0.319122688
67.4,0.911196312,0.84654937,-0.332195194
67.45,0.979554363,0.939892166,-0.350407052
67.5,0.99980724,0.990836454,-0.373178213
67.55,0.970867021,0.996984806,-0.399577429
67.6,0.894066693,0.957961209,-0.428358672
67.65,0.773105113,0.87543842,-0.458019339
67.7,0.613874708,0.753072352,-0.486877604
67.75,0.424179666,0.59634572,-0.513165021
67.8,0.213357785,0.41232736,-0.535129454
67.85,-0.008175904,0.209357538,-0.551142585
67.9,-0.229441623,-0.00332694,-0.559805735
67.95,-0.439438332,-0.216011133,-0.560047643
68,-0.627691361,-0.418945018,-0.551208005
68.05,-0.784776911,-0.602791057,-0.533101204
68.1,-0.902797065,-0.759055688,-0.506055578
68.15,-0.975781224,-0.880484759,-0.470924804
68.2,-0.99999336,-0.961404351,-0.42906947
68.25,-0.974129032,-0.997990813,-0.382308512
68.3,-0.899391519,-0.98845695,-0.332841972
68.35,-0.779442396,-0.933145069,-0.283148167
68.4,-0.62022819,-0.834521824,-0.235860014
68.45,-0.429690971,-0.697074319,-0.193626582
68.5,-0.217376691,-0.527111538,-0.158967064
68.55,0.006039675,-0.332479577,-0.134125067
68.6,0.229288731,-0.122203328,-0.120931424
68.65,0.441074366,0.093929254,-0.120683581
68.7,0.630646009,0.305821265,-0.134049008
68.75,0.788346428,0.503538384,-0.160999032
68.8,0.906107056,0.677775803,-0.200778054
68.85,0.977865296,0.820298591,-0.251911313
68.9,0.999882001,0.924334525,-0.312252385
68.95,0.970942251,0.984900519,-0.379069393
69,0.892428378,0.999046698,-0.449166766
69.05,0.76826062,0.966005938,-0.519037281
69.1,0.604707545,0.88724105,-0.585037247
69.15,0.410075059,0.766386563,-0.64357616
69.2,0.194289138,0.60908705,-0.691311019
69.25,-0.031607011,0.422738871,-0.725334906
69.3,-0.256016063,0.216146864,-0.743349308
69.35,-0.467381379,-0.000888285,-0.743810238
69.4,-0.654783028,-0.218032866,-0.726039213
69.45,-0.808504261,-0.424911393,-0.690291797
69.5,-0.920538948,-0.611602989,-0.637778447
69.55,-0.9850133,-0.769119149,-0.570634823
69.6,-0.998499438,-0.889839775,-0.491841377
69.65,-0.960203797,-0.967886207,-0.405094788
69.7,-0.872019728,-0.999412785,-0.314636507
69.75,-0.738440629,-0.982802256,-0.225046219
69.8,-0.566337193,-0.918754829,-0.141010155
69.85,-0.364609457,-0.81026576,-0.067075922
69.9,-0.143730981,-0.662491674,-0.007406607
69.95,0.084791754,-0.482511257,0.034452592
70,0.309016994,-0.278991106,0.05578225
70.05,0.517191489,-0.061772268,0.054859067
70.1,0.698367817,0.158603023,0.031078332
70.15,0.842982806,0.371401785,-0.014979612
70.2,0.943366343,0.566223262,-0.081544248
70.25,0.99415332,0.733508961,-0.165713261
70.3,0.992576325,0.865014666,-0.263573238
70.35,0.938622829,0.954220989,-0.370378064
70.4,0.835047648,0.996661826,-0.480777154
70.45,0.687239035,0.990153925,-0.589082701
70.5,0.502944523,0.934915514,-0.689562709
70.55,0.29187011,0.833567261,-0.776744758
70.6,0.065173237,0.691014638,-0.845714451
70.65,-0.165124207,0.514216588,-0.892392309
70.7,-0.386772123,0.31185107,-0.913773557
70.75,-0.587944091,0.093893285,-0.908116842
70.8,-0.757870229,-0.128873136,-0.875070272
70.85,-0.887417068,-0.345388204,-0.815726237
70.9,-0.969583059,-0.544864727,-0.732600127
70.95,-0.999882603,-0.717327288,-0.629532008
71,-0.976597262,-0.854114084,-0.511514525
71.05,-0.900879762,-0.948316206,-0.384454361
71.1,-0.776704225,-0.995131927,-0.254878413
71.15,-0.610664277,-0.992117556,-0.129599133
71.2,-0.411628886,-0.93932149,-0.015356109
71.25,-0.190273572,-0.839293832,0.081547318
71.3,0.041488527,-0.696970133,0.155592805
71.35,0.271145632,-0.519434179,0.202361873
71.4,0.486262178,-0.315570868,0.218798908
71.45,0.675153223,-0.095625896,0.203406769
71.5,0.827521778,0.129306163,0.156362674
71.55,0.935024169,0.347839973,0.079546144
71.6,0.991732194,0.548875767,-0.023524656
71.65,0.994466203,0.72216473,-0.147846912
71.7,0.94298008,0.858834577,-0.287171254
71.75,0.83998703,0.951848216,-0.434312937
71.8,0.691023721,0.996371606,-0.581520854
71.85,0.504159139,0.990031292,-0.72088557
71.9,0.289563079,0.933047624,-0.844764964
71.95,0.058957047,0.828235886,-0.946204613
72,-0.175023059,0.680874277,-1.019329777
72.05,-0.399518003,0.498444542,-1.059686872
72.1,-0.602152289,0.29025762,-1.064514582
72.15,-0.771718384,0.066982758,-1.03292816
72.2,-0.898800167,-0.159896349,-0.966004897
72.25,-0.976300729,-0.378670829,-0.86676389
72.3,-0.999844695,-0.578011168,-0.740038927
72.35,-0.968031952,-0.7475558,-0.592249196
72.4,-0.882527717,-0.878453091,-0.431078247
72.45,-0.747982885,-0.963828207,-0.265076993
72.5,-0.57178796,-0.999150024,-0.103211037
72.55,-0.363673168,-0.982478205,0.045623809
72.6,-0.135176048,-0.91457667,0.173091694
72.65,0.100994655,-0.79888653,0.271885569
72.7,0.331663923,-0.641358846,0.336148279
72.75,0.543925257,-0.450154937,0.361821598
72.8,0.72586436,-0.235228967,0.346902368
72.85,0.867231078,-0.007813847,0.291589649
72.9,0.960021523,0.220163222,0.198312527
72.95,0.998937089,0.436705308,0.071634669
73,0.981693729,0.630377781,-0.081961491
73.05,0.909163077,0.790914497,-0.254401232
73.1,0.78533638,0.909765895,-0.436438634
73.15,0.617112099,0.980559542,-0.618150567
73.2,0.41391806,0.999448084,-0.789477336
73.25,0.187188439,0.965325279,-0.94078063
73.3,-0.050275694,0.879897654,-1.063387806
73.35,-0.285026791,0.74760692,-1.150091748
73.4,-0.503731761,0.575406149,-1.195577391
73.45,-0.693930462,0.372400602,-1.196749582
73.5,-0.844748502,0.149371399,-1.15294202
73.55,-0.947523466,-0.08179335,-1.065993322
73.6,-0.996308231,-0.308730148,-0.94018352
73.65,-0.988221839,-0.519261017,-0.782032033
73.7,-0.923626862,-0.702048408,-0.599966057
73.75,-0.806121975,-0.84720886,-0.403875785
73.8,-0.642348968,-0.946852008,-0.204579645
73.85,-0.441624083,-0.995515352,-0.013228247
73.9,-0.215413712,-0.990470514,0.159320217
73.95,0.023316358,-0.931883482,0.303118162
74,0.260841506,-0.822819096,0.409705136
74.05,0.483466493,-0.669088387,0.47260918
74.1,0.67831614,-0.478945905,0.487743166
74.15,0.834082766,-0.262652407,0.453671736
74.2,0.941686861,-0.031925722,0.371731418
74.25,0.994812135,0.20069109,0.245994586
74.3,0.990283123,0.42251038,0.083076704
74.35,0.928262368,0.621392518,-0.108204704
74.4,0.812254595,0.786412644,-0.317302277
74.45,0.648916363,0.908464815,-0.5325173
74.5,0.447681056,0.980769955,-0.741652949
74.55,0.220219915,0.999258988,-0.932705977
74.6,-0.020230476,0.962809161,-1.094557635
74.65,-0.259635751,0.873319469,-1.217624019
74.7,-0.483982041,0.735619867,-1.29442768
74.75,-0.68009734,0.557218052,-1.320056244
74.8,-0.836427757,0.347896672,-1.292479738
74.85,-0.943722761,0.119182159,-1.212706052
74.9,-0.995588533,-0.116286258,-1.08476298
74.95,-0.988875987,-0.345453065,-0.915505199
75,-0.923879533,-0.555570233,-0.714254666
75.05,-0.804333637,-0.734908144,-0.492292774
75.1,-0.637206107,-0.873413956,-0.262231541
75.15,-0.432299013,-0.963280259,-0.037298594
75.2,-0.201679691,-0.999391606,0.169423653
75.25,0.041025537,-0.979623038,0.345760922
75.3,0.28143385,-0.904972801,0.481167558
75.35,0.505257541,-0.779520623,0.567361788
75.4,0.699154391,-0.610212643,0.598837304
75.45,0.851526133,-0.406483829,0.57321934
75.5,0.953217051,-0.17973801,0.491442082
75.55,0.998070375,0.057286193,0.357734349
75.6,0.9833083,0.291228519,0.179411626
75.65,0.909711765,0.508859554,-0.033516137
75.7,0.781587978,0.697830215,-0.268900474
75.75,0.606526252,0.847375718,-0.513143658
75.8,0.39495552,0.948933731,-0.751982442
75.85,0.159528849,0.996640954,-0.971321286
75.9,-0.085629073,0.987679001,-1.158066432
75.95,-0.325767001,0.922448788,-1.300911419
76,-0.546394347,0.804562244,-1.391026741
76.05,-0.734157218,0.64065053,-1.422611361
76.1,-0.877650245,0.439998415,-1.393271372
76.15,-0.968114639,0.214024531,-1.304200873
76.2,-0.999979463,-0.024363782,-1.160151577
76.25,-0.971212288,-0.261504877,-0.969190078
76.3,-0.883456728,-0.483764844,-0.742254384
76.35,-0.741947172,-0.678322488,-0.492533521
76.4,-0.55520448,-0.833912023,-0.234704959
76.45,-0.334529835,-0.941480281,0.015926344
76.5,-0.093326372,-0.994719847,0.244336947
76.55,0.153711067,-0.990446377,0.436688026
76.6,0.391489303,-0.928797135,0.581168192
76.65,0.605439158,-0.813237949,0.668724493
76.7,0.782410376,-0.65037684,0.693636117
76.75,0.91148406,-0.449593791,0.653894096
76.8,0.984652186,-0.222506932,0.551361599
76.85,0.997321567,0.017694882,0.391702272
76.9,0.948610137,0.257015063,0.184077974
76.95,0.841416008,0.481463895,-0.059368709
77,0.682253609,0.677877433,-0.324218544
77.05,0.480865585,0.834692714,-0.594625915
77.1,0.249633066,0.942633451,-0.854265449
77.15,0.002819576,0.995265296,-1.087318567
77.2,-0.24430559,0.989387066,-1.279440377
77.25,-0.476410848,0.925233724,-1.418647673
77.3,-0.679054469,0.806477834,-1.496072818
77.35,-0.839586208,0.640027968,-1.506535788
77.4,-0.947941956,0.435634579,-1.448897106
77.45,-0.997281204,0.205325343,-1.326167372
77.5,-0.984426568,-0.03729776,-1.145363683
77.55,-0.910076678,-0.277858839,-0.917118708
77.6,-0.778777715,-0.502059059,-0.655063432
77.65,-0.598653885,-0.696527881,-0.375018862
77.7,-0.380912234,-0.849623843,-0.094044179
77.75,-0.139151497,-0.952136729,0.170601637
77.8,0.111482808,-0.9978485,0.402521636
77.85,0.355244827,-0.983918428,0.587200797
77.9,0.576777402,-0.911068137,0.712920393
77.95,0.762081573,-0.783554076,0.771508911
78,0.899405252,-0.608927575,0.758881045
78.05,0.979994411,-0.397595462,0.675328816
78.1,0.998658428,-0.162206282,0.525543848
78.15,0.954112631,0.083102065,0.318366298
78.2,0.849074969,0.323548839,0.066272947
78.25,0.690109154,0.544600611,-0.215366616
78.3,0.487222691,0.732851487,-0.509221906
78.35,0.253243852,0.87684002,-0.797065433
78.4,0.003015924,0.967752798,-1.060903481
78.45,-0.24754102,0.999971213,-1.284103672
78.5,-0.482441775,0.97142705,-1.452448552
78.55,-0.686656866,0.883743946,-1.555048207
78.6,-0.8470774,0.742154608,-1.585052961
78.65,-0.953361765,0.555197294,-1.540119078
78.7,-0.998609182,0.334208592,-1.422595394
78.75,-0.979815821,0.092642126,-1.239416027
78.8,-0.898082853,-0.154746252,-1.001702718
78.85,-0.75856154,-0.392797734,-0.724098765
78.9,-0.570137291,-0.606879626,-0.423873783
78.95,-0.34487147,-0.783787278,-0.119853527
79,-0.097235494,-0.912563161,0.168759229
79.05,0.15681456,-0.985182021,0.423599044
79.1,0.400863962,-0.997058882,0.628310576
79.15,0.619100117,-0.947347315,0.769604681
79.2,0.797339615,-0.839008051,0.838129285
79.25,0.923954654,-0.678642127,0.829097547
79.3,0.990638085,-0.476097312,0.742630603
79.35,0.992956309,-0.243870693,0.583789991
79.4,0.930652773,0.003656806,0.362294422
79.45,0.807680756,0.251107449,0.091935737
79.5,0.631961674,0.483060812,-0.210271606
79.55,0.414883021,0.685015867,-0.525155672
79.6,0.170567219,0.844300991,-0.832600553
79.65,-0.085042173,0.950874568,-1.112831669
79.7,-0.335218083,0.997965304,-1.347690776
79.75,-0.563544071,0.982510979,-1.521818348
79.8,-0.754993479,0.905366724,-1.623666021
79.85,-0.896922526,0.771268155,-1.646271928
79.9,-0.97991148,0.588550012,-1.587746343
79.95,-0.998397553,0.368636398,-1.451433251
80,-0.951056516,0.125333234,-1.245734108
80.05,-0.840906331,-0.126033708,-0.983601843
80.1,-0.675124254,-0.369581668,-0.681734728
80.15,-0.464587824,-0.589874389,-0.359519574
80.2,-0.223168454,-0.77290282,-0.037790638
80.25,0.033176983,-0.906980624,0.262516619
80.3,0.287457478,-0.983496969,0.521730073
80.35,0.522773099,-0.997477717,0.722734728
80.4,0.723439657,-0.947917944,0.852110412
80.45,0.876037902,-0.837863039,0.901037306
80.5,0.970316834,-0.674231498,0.865907671
80.55,0.999889946,-0.467389017,0.748600763
80.6,0.962676632,-0.23049948,0.556399604
80.65,0.861057703,0.021307025,0.30155167
80.7,0.701732892,0.271896989,0.000499009
80.75,0.495288103,0.505166039,-0.327174576
80.8,0.255499755,0.706075281,-0.660012451
80.85,-0.00157865,0.861624687,-0.976088362
80.9,-0.258687546,0.961700274,-1.254452336
80.95,-0.498518756,0.999739533,-1.476523886
81,-0.704881854,0.973170842,-1.627339629
81.05,-0.863800773,0.883596885,-1.69657112
81.1,-0.964466173,0.736708501,-1.679243094
81.15,-0.999978289,0.541932725,-1.576101565
81.2,-0.967828726,0.311836145,-1.393603986
81.25,-0.870086991,0.061320736,-1.143528665
81.3,-0.713277362,-0.193336793,-0.842225991
81.35,-0.507952608,-0.435540552,-0.509558249
81.4,-0.267991764,-0.649457604,-0.167596097
81.45,-0.009668101,-0.821056114,0.160843181
81.5,0.249450534,-0.939031257,0.453719065
81.55,0.491695,-0.995557455,0.691251117
81.6,0.700500836,-0.986816426,0.857262183
81.65,0.861544553,-0.91326487,0.940289835
81.7,0.963732063,-0.779622447,0.934389113
81.75,0.99997068,-0.594578989,0.839569689
81.8,0.967670444,-0.370238387,0.661834671
81.85,0.868938762,-0.121334126,0.412814884
81.9,0.710453189,0.13573321,0.109019804
81.95,0.503019192,0.383973924,-0.229247529
82,0.260841506,0.60693206,-0.579240989
82.05,0.000557633,0.789778909,-0.917297909
82.1,-0.259901204,0.920304374,-1.220439482
82.15,-0.502543956,0.989739592,-1.467936822
82.2,-0.710563724,0.99335494,-1.642735695
82.25,-0.869505705,0.930792085,-1.732641603
82.3,-0.968277734,0.806106173,-1.731182233
82.35,-0.999932352,0.627513427,-1.638085576
82.4,-0.962164751,0.406859092,-1.459337713
82.45,-0.85749029,0.158839533,-1.206812698
82.5,-0.693087363,-0.099970991,-0.897496264
82.55,-0.480314584,-0.352224811,-0.552353166
82.6,-0.233934101,-0.580963235,-0.194912946
82.65,0.028906479,-0.770758996,0.150330991
82.7,0.289863765,-0.908761666,0.459600337
82.75,0.530677615,-0.985574896,0.711473813
82.8,0.734450447,-0.995905126,0.888378452
82.85,0.886837098,-0.938936436,0.977825964
82.9,0.977061188,-0.818404344,0.973306548
82.95,0.998685538,-0.642361609,0.874775429
83,0.950081019,-0.422649898,0.688695009
83.05,0.834559037,-0.174111293,0.427626044
83.1,0.660156376,0.08640843,0.109392512
83.15,0.439085547,0.341198254,-0.244125261
83.2,0.18688754,0.572885406,-0.608488257
83.25,-0.078654838,0.765622172,-0.958385212
83.3,-0.338767479,0.906174825,-1.26939176
83.35,-0.575011678,0.984839544,-1.519679987
83.4,-0.770593338,0.996121456,-1.691558486
83.45,-0.911561578,0.939128706,-1.77273376
83.5,-0.987810899,0.817652643,-1.757202319
83.55,-0.993814427,0.63992658,-1.645707948
83.6,-0.929034449,0.418077636,-1.445728541
83.65,-0.797979083,0.167307446,-1.17098965
83.7,-0.609898995,-0.095143514,-0.84053523
83.75,-0.378143757,-0.351177856,-0.477417493
83.8,-0.119221928,-0.583088702,-0.107095266
83.85,0.148369526,-0.774786666,0.24434839
83.9,0.405463888,-0.912921245,0.552044736
83.95,0.63359762,-0.987818111,0.794104465
84,0.816339251,-0.994166034,0.953183732
84.05,0.940478381,-0.931404023,1.017738533
84.1,0.996988401,-0.803779822,0.982875927
84.15,0.981692233,-0.620073541,0.850738492
84.2,0.895581348,-0.393003572,0.630391029
84.25,0.744763041,-0.138354251,0.337213712
84.3,0.540037622,0.126115516,-0.008158834
84.35,0.296134009,0.381907617,-0.38128035
84.4,0.03065714,0.611078411,-0.755617471
84.45,-0.237178114,0.797500276,-1.104434806
84.5,-0.487935834,0.928002164,-1.402706807
84.55,-0.703370511,0.993308125,-1.628919591
84.6,-0.867758514,0.988706425,-1.766632594
84.65,-0.969052148,0.914400302,-1.805686046
84.7,-0.999771152,0.775513594,-1.742964744
84.75,-0.957565073,0.581748613,-1.582659809
84.8,-0.845403562,0.346718259,-1.336005759
84.85,-0.671378533,0.086997608,-1.02050793
84.9,-0.44813047,-0.179039527,-0.658712223
84.95,-0.191938765,-0.432517839,-0.276602693
85,0.078459096,-0.655400171,0.098259808
85.05,0.343234331,-0.831774491,0.438725013
85.1,0.58292024,-0.948996152,0.720023407
85.15,0.7798457,-0.998603005,0.921576022
85.2,0.919443084,-0.976936581,1.028511101
85.25,0.991333445,-0.885423034,1.032775118
85.3,0.990107586,-0.730491571,0.933754227
85.35,0.915743602,-0.523133929,0.738357245
85.4,0.773627918,-0.278134209,0.460550158
85.45,0.574176038,-0.013022319,0.120372156
85.5,0.332078819,0.253175469,-0.257498571
85.55,0.065228098,0.501300156,-0.645527542
85.6,-0.206600383,0.713440282,-1.015326999
85.65,-0.46321019,0.874229305,-1.339733838
85.7,-0.685485488,0.971965843,-1.594810307
85.75,-0.856818777,0.999474605,-1.761619771
85.8,-0.964358189,0.954644051,-1.827645187
85.85,-0.999980211,0.84059974,-1.787743156
85.9,-0.960913595,0.665498496,-1.644559862
85.95,-0.849965802,0.441955947,-1.408374299
86,-0.675332808,0.186146788,-1.096376342
86.05,-0.450004147,-0.083358781,-0.731429047
86.1,-0.190805569,-0.346939253,-0.340403268
86.15,0.082850821,-0.58534965,0.047794909
86.2,0.350416627,-0.781129195,0.404359599
86.25,0.591749408,-0.919885681,0.702725812
86.3,0.788631432,-0.991361692,0.920556148
86.35,0.92615027,-0.990203118,1.041424416
86.4,0.993836213,-0.916371673,1.056068474
86.45,0.986469203,-0.775168865,0.963115794
86.5,0.904492367,-0.576867221,0.769223805
86.55,0.753998641,-0.33597347,0.488620499
86.6,0.546289096,-0.070175719,0.1420755
86.65,0.297034082,0.200949608,-0.24462517
86.7,0.025098689,0.457377012,-0.642589602
86.75,-0.248880063,0.680111735,-1.021974895
86.8,-0.504057393,0.852600766,-1.354226047
86.85,-0.7209679,0.961969983,-1.614230846
86.9,-0.883014773,0.999994445,-1.78222778
86.95,-0.97774682,0.96372808,-1.845321316
87,-0.997824541,0.855743764,-1.798487424
87.05,-0.941599617,0.683963478,-1.644989859
87.1,-0.813261258,0.461088674,-1.396171674
87.15,-0.622535808,0.203670885,-1.070633541
87.2,-0.383960146,-0.069110171,-0.692857057
87.25,-0.115782318,-0.336871366,-0.291373799
87.3,0.161428135,-0.579548318,0.10338373
87.35,0.426354831,-0.778901363,0.46138791
87.4,0.65857389,-0.919892149,0.755303976
87.45,0.840131895,-0.991826562,0.962585571
87.5,0.956940336,-0.98917651,1.067216649
87.55,0.99987774,-0.912016669,1.060964268
87.6,0.96551263,-0.766040853,0.944043179
87.65,0.856389217,-0.562154181,0.725137432
87.7,0.680851268,-0.315669241,0.420773064
87.75,0.452415253,-0.04516466,0.05408572
87.8,0.188738952,0.228909535,-0.346926142
87.85,-0.089736529,0.485775522,-0.751531516
87.9,-0.361367457,0.705903961,-1.128619154
87.95,-0.604988995,0.872503298,-1.4490921
88,-0.801566985,0.972808227,-1.688120031
88.05,-0.935690883,0.999067871,-1.827074561
88.1,-0.996790346,0.949156491,-1.854995835
88.15,-0.979978777,0.826757731,-1.769473888
88.2,-0.886455732,0.641105723,-1.576872677
88.25,-0.723434235,0.406300119,-1.291875162
88.3,-0.50359606,0.140244938,-0.936380322
88.35,-0.244115186,-0.136709697,-0.537833645
88.4,0.03467623,-0.40332044,-0.127117259
88.45,0.310876328,-0.639080046,0.263838825
88.5,0.562732792,-0.825798198,0.604539981
88.55,0.770358024,-0.949011751,0.868311583
88.6,0.917304875,-0.999114567,1.034398078
88.65,0.99187769,-0.972117987,1.08961057
88.7,0.988073546,-0.8699809,1.029391068
88.75,0.90607715,-0.700481219,0.858206284
88.8,0.752267737,-0.476635948,0.589235838
88.85,0.538734761,-0.215712049,0.243374846
88.9,0.282338108,0.062097583,-0.152375052
88.95,0.00338506,0.335232142,-0.567003523
89,-0.275972883,0.582435136,-0.967916083
89.05,-0.533497163,0.784411209,-1.323496279
89.1,-0.748634128,0.925338279,-1.605604139
89.15,-0.904160479,0.994116031,-1.791813123
89.2,-0.987570111,0.985251582,-1.867206993
89.25,-0.992090073,0.89931082,-1.82559161
89.3,-0.917242317,0.742897423,-1.67002193
89.35,-0.768903768,0.528158332,-1.412598138
89.4,-0.558857167,0.27185164,-1.073542521
89.45,-0.303865954,-0.005952498,-0.679625997
89.5,-0.024344938,-0.283437951,-0.262065465
89.55,0.257268565,-0.538753949,0.14594381
89.6,0.518313616,-0.75173761,0.511866268
89.65,0.737730545,-0.905511745,0.806425051
89.7,0.897764815,-0.987830941,1.00595399
89.75,0.985411612,-0.992067875,1.094312941
89.8,0.993483038,-0.917759616,1.064210393
89.85,0.921209514,-0.770667915,0.917823695
89.9,0.774324174,-0.562345783,0.666662816
89.95,0.564620611,-0.30924182,0.330683938
90,0.309016994,-0.031410759,-0.06328044
90.05,0.028199909,0.249069469,-0.483652715
90.1,-0.255044129,0.509849717,-0.896634434
90.15,-0.517675389,0.730091853,-1.268922398
90.2,-0.738276429,0.892139035,-1.570398493
90.25,-0.89880361,0.982939763,-1.776575727
90.3,-0.986071032,0.99511023,-1.870601082
90.35,-0.992844202,0.927547622,-1.844650311
90.4,-0.918451904,0.785542492,-1.700597925
90.45,-0.768863594,0.580378163,-1.449903624
90.5,-0.556223096,0.328446311,-1.112719651
90.55,-0.297873912,0.049947026,-0.71628698
90.6,-0.014953424,-0.232724369,-0.292746586
90.65,0.269330809,-0.496775468,0.123459368
90.7,0.531602598,-0.720855774,0.49838692
90.75,0.750240903,-0.886788099,0.801362911
90.8,0.907167429,-0.981051582,1.007504028
90.85,0.989349829,-0.995894682,1.099774682
90.9,0.989894877,-0.929985662,1.070412421
90.95,0.908639045,-0.788544982,0.921600265
91,0.752184937,-0.582945766,0.665326281
91.05,0.533377585,-0.32981167,0.322437122
91.1,0.270261026,-0.049682675,-0.079041434
91.15,-0.015401049,0.234644955,-0.506183054
91.2,-0.29992003,0.499970979,-0.923854303
91.25,-0.55964499,0.724585473,-1.297603283
91.3,-0.772930727,0.890050394,-1.596506098
91.35,-0.921947334,0.982721815,-1.795735624
91.4,-0.99417958,0.994886492,-1.878638434
91.45,-0.983489295,0.92541717,-1.838144951
91.5,-0.890649686,0.779889945,-1.677392029
91.55,-0.723304086,0.570150841,-1.409501657
91.6,-0.495349509,0.31336403,-1.05652922
91.65,-0.225793616,0.030617104,-0.647663928
91.7,0.062821873,-0.254804143,-0.216826829
91.75,0.346301264,-0.519330821,0.200136979
91.8,0.600822115,-0.741058714,0.568440088
91.85,0.804939884,-0.901567619,0.857260547
91.9,0.9414011,-0.987460745,1.042332199
91.95,0.998611251,-0.991494782,1.107999025
92,0.971631733,-0.91320439,1.048558344
92.05,0.862619192,-0.758966201,0.868776147
92.1,0.680667169,-0.541493708,0.583526514
92.15,0.441060268,-0.278801793,0.216580353
92.2,0.164000906,0.007275864,-0.201359618
92.25,-0.127086248,0.292895331,-0.635216605
92.3,-0.407530519,0.554187645,-1.048478083
92.35,-0.653505818,0.769255663,-1.406269155
92.4,-0.844058483,0.920015308,-1.678302218
92.45,-0.962899504,0.993725933,-1.841452956
92.5,-0.99980724,0.984079495,-1.881742609
92.55,-0.951519006,0.89175445,-1.795555248
92.6,-0.822032744,0.724384626,-1.589982508
92.65,-0.622289919,0.495942287,-1.282261525
92.7,-0.369263458,0.225583969,-0.898348645
92.75,-0.084525677,-0.063946653,-0.470745225
92.8,0.207583899,-0.348226529,-0.035756301
92.85,0.482035831,-0.603212094,0.369587569
92.9,0.715256205,-0.807275828,0.710684732
92.95,0.887156255,-0.943047768,0.958324281
93,0.982871078,-0.998904625,1.091201167
93.05,0.994056243,-0.969977987,1.097766909
93.1,0.919628284,-0.858593088,0.977253695
93.15,0.765882308,-0.674097499,0.73977943
93.2,0.54597329,-0.432090786,0.405519509
93.25,0.278802547,-0.15311735,0.00301119
93.3,-0.012597453,0.139069054,-0.433268602
93.35,-0.303042754,0.419523299,-0.865847689
93.4,-0.567372433,0.664238348,-1.257474639
93.45,-0.782630429,0.852204466,-1.57433058
93.5,-0.930065323,0.967221233,-1.788959633
93.55,-0.996773347,0.999305397,-1.882663232
93.6,-0.976839883,0.945571294,-1.847148269
93.65,-0.871877453,0.810505044,-1.685282219
93.7,-0.690910171,0.60560542,-1.410884825
93.75,-0.44961133,0.34841868,-1.047569014
93.8,-0.168957303,0.061047146,-0.626726359
93.85,0.126587653,-0.231742725,-0.184827388
93.9,0.411199376,-0.504651487,0.239732234
93.95,0.659949874,-0.73403402,0.609967564
94,0.850994482,-0.899953837,0.893532525
94.05,0.967497878,-0.987925427,1.065558073
94.1,0.999128522,-0.9901916,1.110850367
94.15,0.942987922,-0.90642212,1.025253198
94.2,0.803890081,-0.743769536,0.816050827
94.25,0.593963113,-0.516273641,0.501370618
94.3,0.331604647,-0.243662747,0.108632314
94.35,0.039879794,0.050347075,-0.327825221
94.4,-0.255499755,0.340109081,-0.76973584
94.45,-0.528439076,0.600281413,-1.178256834
94.5,-0.754766829,0.808046439,-1.517385561
94.55,-0.914381542,0.945119287,-1.75714129
94.6,-0.993046284,0.999368156,-1.87623031
94.65,-0.983670725,0.965901903,-1.863956174
94.7,-0.886964086,0.847526236,-1.721202088
94.75,-0.711397698,0.654524766,-1.460393451
94.8,-0.472476931,0.403780348,-1.10443826
94.85,-0.191383762,0.117310428,-0.684733686
94.9,0.106892282,-0.179657658,-0.238410564
94.95,0.395770711,-0.460903979,0.194943641
95,0.649448048,-0.701531426,0.576794945
95.05,0.845206338,-0.880174786,0.873094941
95.1,0.965455351,-0.980907055,1.057328749
95.15,0.999324262,-0.994672103,1.112904963
95.2,0.943657803,-0.92011377,1.034670708
95.25,0.803324481,-0.763724207,0.829411687
95.3,0.590805644,-0.539294422,0.515286964
95.35,0.325098621,-0.266712001,0.12024328
95.4,0.030029111,0.029790457,-0.32045457
95.45,-0.267878262,0.323782922,-0.767360631
95.5,-0.541781561,0.588991858,-1.180373949
95.55,-0.766941757,0.801651034,-1.522339263
95.6,-0.922963201,0.942638695,-1.762398745
95.65,-0.995650949,0.99920827,-1.878791661
95.7,-0.978314931,0.966155013,-1.860846637
95.75,-0.87240005,0.846310564,-1.709982446
95.8,-0.687381656,0.650317178,-1.43962156
95.85,-0.439932117,0.395697861,-1.074018426
95.9,-0.152430432,0.105302237,-0.646102592
95.95,0.149052991,-0.194735198,-0.194526719
96,0.437115767,-0.477342809,0.239817206
96.05,0.685514079,-0.71695508,0.617500214
96.1,0.871558026,-0.89183085,0.904142138
96.15,0.978192755,-0.98603587,1.073554209
96.2,0.995573783,-0.990908025,1.110150072
96.25,0.921989916,-0.905869346,1.010401678
96.3,0.764046062,-0.738507357,0.783202152
96.35,0.536085392,-0.50391426,0.449096655
96.4,0.258899965,-0.223339943,0.038445434
96.45,-0.042155532,0.077722293,-0.411318687
96.5,-0.339476782,0.371845838,-0.85909218
96.55,-0.605739159,0.632167995,-1.263853895
96.6,-0.816411824,0.834847095,-1.588427011
96.65,-0.95202503,0.961254455,-1.802904558
96.7,-0.999980458,0.999698934,-1.887421928
96.75,-0.955735262,0.946523338,-1.834017874
96.8,-0.823247353,0.806468547,-1.647407792
96.85,-0.614637017,0.592267816,-1.344592214
96.9,-0.349092199,0.323504249,-0.953330418
96.95,-0.05111499,0.024832522,-0.50961405
97,0.251731549,-0.276274828,-0.054368921
97.05,0.531369748,-0.552051302,0.370313989
97.1,0.761811986,-0.776998978,0.725071812
97.15,0.921581889,-0.930253048,0.976927144
97.2,0.995725988,-0.997528468,1.10236887
97.25,0.977226477,-0.972466095,1.089567308
97.3,0.867680437,-0.857250169,0.939513127
97.35,0.677178467,-0.662435782,0.665968376
97.4,0.423390029,-0.405997967,0.294227888
97.45,0.129936969,-0.111686517,-0.141199785
97.5,-0.17579628,0.19316418,-0.599781216
97.55,-0.46521365,0.480169226,-1.03872345
97.6,-0.711182397,0.72253677,-1.416966892
97.65,-0.890581825,0.897574806,-1.699033234
97.7,-0.986485937,0.988826166,-1.858367204
97.75,-0.989773119,0.987629912,-1.879856134
97.8,-0.900008618,0.893959719,-1.76128653
97.85,-0.725513119,0.716456657,-1.513595188
97.9,-0.482606875,0.471648846,-1.159884913
97.95,-0.194096526,0.182426782,-0.733290941
98,0.112856385,-0.124086407,-0.273893066
98.05,0.40928695,-0.419072668,0.175040386
98.1,0.667159365,-0.674727853,0.571125688
98.15,0.862022649,-0.866887135,0.876870767
98.2,0.975337698,-0.977318715,1.063236882
98.25,0.996253415,-0.995467227,1.112415407
98.3,0.922660626,-0.919478906,1.019552505
98.35,0.761420086,-0.756407483,0.793252574
98.4,0.527738777,-0.521576805,0.454806289
98.45,0.243749583,-0.237155987,0.036209892
98.5,-0.063574348,0.069921875,-0.422842195
98.55,-0.364975095,0.370503212,-0.878710489
98.6,-0.631693815,0.635980173,-1.287955545
98.65,-0.838218281,0.841017249,-1.611481691
98.7,-0.964731295,0.965978116,-1.818283764
98.75,-0.999024282,0.998819422,-1.888436701
98.8,-0.937690171,0.936267667,-1.815038048
98.85,-0.786477649,0.784162706,-1.604911933
98.9,-0.559768652,0.556930413,-1.278000571
98.95,-0.279224904,0.276230293,-0.865494823
99,0.028270567,-0.031096753,-0.406876756
99.05,0.333182425,-0.335587295,0.05384723
99.1,0.606157767,-0.60797769,0.472364527
99.15,0.820854757,-0.822019774,0.808321873
99.2,0.956492344,-0.957018729,1.029227437
99.25,0.999873529,-0.999846971,1.113611092
99.3,0.946684127,-0.94623688,1.053133839
99.35,0.801937809,-0.80122358,0.853437039
99.4,0.579520155,-0.578690329,0.533642735
99.45,0.300871418,-0.30005564,0.124546458
99.5,-0.007068525,0.007775363,-0.334329082
99.55,-0.314457224,0.315000683,-0.798539477
99.6,-0.591439132,0.591803855,-1.223018154
99.65,-0.811047994,0.811250559,-1.566454575
99.7,-0.951839789,0.951917777,-1.795325538
99.75,-0.999998439,0.999998111,-1.887185157
99.8,-0.950706418,0.950671341,-1.832889014
99.85,-0.808642898,0.80860547,-1.637529924
99.9,-0.587556485,0.587533605,-1.31998729
99.95,-0.308949767,0.308943045,-0.911126932
100,7.85E-15,8.82E-15,-0.450820566